policy_id,age,vehicle_value,driving_experience_years,location_risk_factor,annual_claims_cost
11986030,64,46132,41,Low,480.68
15818461,35,29116,17,Medium,627.78
15735266,50,41674,32,Low,304.57
4101887,42,35946,19,High,1120.59
9306421,44,28889,18,High,558.39
2204520,48,35769,25,Low,326.33
7167733,29,31105,7,Medium,747.46
2267755,32,33211,10,Low,460.85
5503241,51,34302,34,High,1416.75
1364818,50,37178,30,High,1218.24
4866914,48,40723,31,Medium,947.74
14487263,40,32183,26,Low,452.9
5799461,38,38249,21,Low,302.88
7565911,58,42337,38,Low,592.01
2992828,26,25201,11,High,709.91
11660693,64,48408,45,High,1421.93
1708739,66,51246,47,Low,577.7
7491669,41,37708,18,Medium,802.76
15959397,44,35858,20,Low,375.81
10335589,21,21761,3,Low,683.02
12203403,25,24319,7,Medium,309.44
6806684,25,27756,9,Medium,904.39
355294,20,21267,2,Low,427.07
8148402,43,26345,21,Medium,334.36
9839576,55,39608,41,High,1286.5
14281112,19,20332,1,Medium,929.8
10638487,67,44423,48,High,621.32
6271445,26,27310,7,Medium,336.11
15890978,64,48126,42,High,1408.93
2272246,42,32832,20,High,1399.25
15693448,62,43809,45,Medium,1252.83
1940119,31,24588,14,Low,519.01
9880916,70,48294,48,High,1161.59
4432025,25,24778,7,High,954.99
4062856,42,37542,30,High,1431.57
9793004,65,45345,46,Low,603.94
4155527,74,53183,53,Low,827.29
198940,51,42393,30,High,825.28
16134973,57,41886,38,High,1210.75
330666,60,39741,39,Low,863.43
1068547,75,53679,53,Medium,482.19
13550729,39,31689,17,Medium,1150.71
3783571,22,23207,4,Medium,377.38
7617014,22,21544,3,Medium,907.88
15406128,39,34253,17,High,1296.99
10993612,41,34022,21,Low,305.74
5149386,62,44612,45,Medium,1137.08
9784055,75,52280,53,Medium,929.92
1183097,45,34025,22,Medium,400.58
7314477,24,28903,7,Low,1077.06
12174732,50,40089,30,Medium,843.99
4324204,25,27952,9,Low,434.72
13994850,55,37249,32,High,1357.94
8968905,44,39064,18,High,859.4
14847392,28,28532,6,High,1390.73
3004193,34,30389,16,Medium,886.92
2277331,33,27530,12,High,1398.33
6497443,53,45417,33,Low,523.48
10818998,66,49475,44,Low,607.8
240725,53,37813,32,Low,592.58
10675570,62,42990,41,High,719.38
7893972,22,24192,4,Medium,646.19
7285949,51,40340,29,High,872.08
3195577,63,44688,44,Low,868.88
13601666,28,33459,12,Low,600.38
11530235,66,43093,48,High,1443.28
12934414,56,37673,38,Medium,587.5
11241570,64,45361,46,Low,325.19
15732740,57,40087,39,High,1083.54
5906868,37,32265,21,Medium,1209.78
14397694,41,30944,21,High,1381.0
7069889,49,33576,30,Low,307.82
5796290,31,29971,9,Low,486.32
4483498,63,44292,44,Medium,874.41
10402657,56,41320,34,Medium,542.02
15444793,50,43876,24,Low,350.44
14838549,28,29210,7,High,1120.99
760203,45,39411,25,Medium,854.04
3092622,43,40129,22,Medium,493.42
11834863,60,43989,40,High,1388.83
1062596,51,36172,29,Low,302.0
11306953,30,30260,14,High,938.04
9327301,29,25446,11,High,1181.35
588699,58,40579,32,Low,614.48
12064221,42,29902,19,High,1363.82
9044654,41,29721,13,High,1308.0
10986083,28,31242,5,Medium,1396.34
16091798,65,48823,44,High,1398.93
8808940,23,23597,5,High,810.36
252267,74,53750,51,Low,463.55
83420,44,37190,26,High,716.11
15650419,24,26672,4,Medium,922.96
16610369,20,20000,1,High,916.83
6513564,68,45636,47,High,1014.55
8782582,51,38718,30,Low,785.68
14911881,31,31734,16,Medium,368.43
6777113,30,27081,11,High,840.91
15786263,43,33254,23,High,1352.24
7858002,63,48664,45,Medium,1039.34
4135140,70,50389,48,High,1240.51
4189239,59,47293,44,High,1263.4
3287516,31,26930,14,High,1357.65
14069946,22,27537,3,Low,398.54
13641383,51,44100,33,Medium,679.57
6399979,42,31810,26,Low,350.02
8576725,63,42130,37,Medium,809.44
16175411,30,29498,8,Medium,1077.62
12154435,59,43537,39,Medium,1052.2
633566,69,47082,44,High,1283.72
13288735,41,37787,24,Medium,545.42
11133433,54,37720,31,Low,505.51
6034748,36,30740,15,Medium,838.15
1547648,72,50180,52,Low,413.49
10513881,60,40859,36,Medium,1011.35
13798785,49,39054,31,Low,377.45
4362486,69,45484,48,Low,398.91
8053086,41,41821,21,Medium,973.2
10906778,33,29146,14,Low,538.98
2131165,34,29397,14,Medium,1261.36
855012,63,49477,46,High,793.36
3366786,24,24248,5,Low,335.59
6650848,52,42875,33,Low,325.28
3709091,60,37059,43,Medium,908.21
724082,49,41891,27,Low,311.9
729349,44,30299,29,High,1442.02
12096905,70,51356,50,Low,302.26
13530853,57,42177,43,Medium,1243.23
9503913,35,33970,18,Low,353.6
663316,52,38203,34,Medium,362.88
642948,57,41607,42,High,663.6
9696580,36,30572,12,Medium,449.72
4384147,55,41924,34,Low,306.05
16283518,22,25134,4,High,1037.87
15152622,25,26713,7,High,1254.89
14851385,47,36994,30,Medium,1120.46
10081286,43,32432,25,Medium,1287.72
5981796,36,30686,16,Low,373.54
13217852,38,34706,19,High,1224.45
8278746,46,41003,35,High,1360.71
11073313,21,24173,5,High,1049.03
4296821,55,37484,32,High,1148.82
11742919,62,49052,43,Low,711.74
1497415,34,29556,11,High,1127.97
8000165,71,49573,48,Low,313.72
6346226,41,38628,27,Low,546.04
12120504,49,32275,29,Medium,409.19
137567,68,49177,49,High,1293.9
14972767,65,50851,46,Medium,512.77
4322988,24,26552,7,Medium,495.69
2548479,34,31506,14,High,1217.02
1521882,22,25186,3,High,1440.86
2692986,42,38949,24,High,1399.29
353361,22,21257,3,High,991.91
3104787,52,38324,28,Low,1076.02
6409879,48,36319,26,Low,303.84
16529754,23,24978,4,Medium,1161.89
12004078,36,38816,13,Low,307.77
7643819,55,36544,37,Low,305.19
5434745,44,38830,25,Medium,892.16
5162391,57,42236,39,Low,901.25
13055679,34,29276,19,Low,500.24
6373206,74,50544,52,Low,318.22
1560411,68,50628,46,Medium,859.01
6074070,61,48475,37,High,1423.02
7234704,49,35876,22,Low,352.09
13038594,37,30907,16,Low,658.55
10408054,50,34963,28,Medium,555.86
8415584,48,42618,31,Low,939.73
10271795,58,36851,39,High,1331.49
3299290,51,36828,29,Medium,1308.15
9865376,24,22850,8,Low,452.92
3273586,73,52150,52,Medium,640.99
11602012,54,44091,35,Low,364.6
6574501,71,51257,51,Medium,895.91
2146411,46,33332,21,High,1271.15
11339602,60,47977,37,Low,435.31
6635019,59,43692,37,Medium,1293.8
3556501,47,40229,26,High,1279.18
1914037,42,27823,25,High,755.76
4232311,73,53133,51,Low,303.38
16193299,64,49657,43,High,914.64
5363528,46,37343,25,Medium,495.99
4435213,28,27658,7,Low,327.97
16508031,59,37851,32,Low,357.64
395311,72,52186,50,Low,398.89
12981004,33,29652,17,Low,438.18
16482616,56,43560,35,Low,304.5
8586483,47,32573,29,Low,627.6
102981,62,44382,42,Medium,529.97
15606057,33,24919,18,Low,340.5
10017527,32,26453,18,Medium,696.32
4558518,38,27222,19,High,534.73
1479991,49,35108,28,Low,308.87
8276000,33,26758,15,High,556.46
3885005,37,35347,16,Low,561.79
4352248,66,46399,38,Medium,787.45
13356523,40,30893,21,Low,381.53
75445,31,28618,11,High,732.01
15703212,49,37606,33,Medium,497.08
3011292,42,37127,20,High,548.19
11890866,34,30763,15,Medium,893.95
10382317,54,43010,27,Low,313.16
12802865,70,48386,49,High,1172.91
2104877,40,29723,20,High,1386.54
11526472,69,49807,48,Medium,715.03
12974998,67,45054,47,Low,305.32
1200741,34,29059,17,Low,483.73
8341349,50,40529,29,Medium,516.46
16585890,51,45361,32,Medium,964.92
8076512,73,51919,51,Medium,639.33
7548498,22,27653,3,High,1357.12
6960764,48,38441,34,Low,797.24
15296696,72,52606,50,Low,315.7
7112205,66,43734,44,Medium,485.62
13232455,39,31483,19,High,1379.94
3680387,38,26310,20,High,672.85
1363058,60,45033,36,High,1304.52
14357257,34,32165,12,Medium,404.19
9888395,20,21015,2,High,1082.71
16406812,28,30298,9,Low,314.4
5112510,21,24472,3,Low,811.81
4730831,27,30871,8,High,1155.26
14132266,27,30172,6,Low,307.84
8596914,65,47486,42,Medium,811.56
9926351,53,44664,33,Medium,615.67
8183144,27,26819,5,High,605.01
8712227,26,25223,7,Medium,796.42
10719870,23,24980,3,Medium,711.94
11110836,52,35251,29,High,1211.19
15091816,46,31155,29,Low,525.72
11823414,32,29189,11,High,988.37
15568759,73,51295,51,Low,358.48
8569483,33,24189,17,Low,322.51
2964493,57,39744,38,High,1227.7
10545238,60,45302,42,Medium,840.11
15130916,52,37653,31,Medium,647.82
2379616,23,26290,5,Low,443.72
12203655,50,36328,32,Medium,380.19
9848555,53,43253,30,High,1436.96
16596853,63,42771,38,Low,326.01
16208647,39,39577,16,Medium,783.01
972314,40,41106,21,High,1037.67
10930972,23,24727,4,Medium,537.36
8613513,64,37081,46,Low,434.24
9333862,63,43311,46,Low,302.16
4933183,37,34052,19,High,1410.67
2555638,24,28662,4,Low,324.43
12017913,61,41029,38,Medium,812.91
10390743,43,41861,25,High,1435.51
4463182,73,51914,51,High,546.67
16711588,49,32891,34,High,827.0
6485172,42,35273,23,Medium,718.79
12740925,56,41881,34,High,1259.81
3095975,59,42487,36,Low,348.93
3174070,33,31558,15,High,417.42
16020777,42,34537,19,Medium,340.08
12291201,29,29221,8,High,1377.2
11183059,53,41582,33,High,1222.44
14240697,69,44296,46,Medium,676.58
15552259,46,33552,27,Medium,597.54
11547188,48,41914,30,Medium,559.83
10728940,63,43998,42,Medium,586.1
567010,46,36459,28,High,936.81
13805877,43,36366,18,Medium,792.72
15085610,68,45740,48,Low,512.05
11917692,42,29431,31,Low,466.41
114269,53,39687,31,Low,440.09
8991991,46,33390,23,Low,305.74
9956973,40,35684,25,Low,467.41
13131620,54,39173,33,Medium,705.16
847880,52,41311,30,Medium,992.57
7581622,52,38976,31,Low,350.21
15049516,37,27083,19,Low,326.47
13771058,72,47511,51,Low,472.69
3367181,33,31267,7,Low,330.26
6412863,24,23128,3,Medium,372.44
3774905,20,23014,2,High,1080.27
832709,72,52017,50,High,1393.35
10462253,30,24507,10,Low,305.22
7607487,56,32449,39,High,1337.35
14398310,35,36555,15,Low,574.34
3604093,58,41753,38,Medium,386.13
10149819,40,41483,18,Low,528.53
9597003,57,48290,42,High,1345.01
572479,38,33331,19,Low,348.86
13862248,51,34242,31,Medium,316.21
13094178,25,23416,8,Medium,760.65
10125916,27,36000,7,Medium,1309.98
7306813,69,46812,49,High,1065.69
3873709,27,26751,10,High,1446.0
11347855,50,39416,29,High,768.64
250930,33,30096,11,Medium,1316.01
9736229,43,39728,26,Low,303.09
2976119,26,25261,7,Medium,736.51
7199037,54,35569,36,Low,302.73
9539241,60,40940,37,Low,315.45
8938528,60,43477,34,High,450.92
12690366,65,44545,44,High,973.38
4545132,37,29921,18,Medium,1279.77
9106998,23,22909,3,High,966.76
2319624,34,27525,20,Medium,536.8
16476940,49,38845,34,Low,302.0
6412871,24,25893,5,High,1196.04
14740863,40,31415,23,Low,414.47
4616684,44,42258,29,High,1153.75
12161441,26,25671,8,Medium,817.37
13016968,58,43075,40,Medium,649.4
11001463,31,25875,9,Medium,764.53
5618856,48,37029,28,Low,310.91
16641985,33,28051,13,Low,344.16
10087446,68,50220,46,Medium,502.85
12632761,38,37471,13,High,994.02
316063,23,25375,4,Medium,1171.79
7555382,30,28106,8,Medium,630.94
7484825,29,28122,10,Low,547.45
9674720,40,40453,22,Medium,1383.51
142430,28,27194,12,High,814.28
13494476,39,25676,18,Low,337.75
10660435,28,21861,10,High,1355.65
11317430,34,34775,12,Low,557.84
4431078,23,26446,3,High,1274.45
1475750,56,34956,41,Medium,355.47
14168500,47,43000,25,Low,385.1
7984873,67,46142,46,Low,387.91
10509871,49,39617,32,Medium,417.71
11941977,37,37431,14,High,493.38
13613574,60,44189,37,Low,406.26
7041404,33,32515,13,Low,305.11
750645,38,34590,19,High,1311.12
7573142,53,38784,28,Medium,419.39
13248808,40,33361,22,Medium,1200.43
9487675,48,38050,29,Low,446.82
13180482,32,33570,9,Low,303.97
827191,62,46193,40,Medium,702.2
4001255,74,52858,53,Medium,1004.85
14864781,66,47243,46,High,1059.74
14173446,30,36861,9,Medium,533.46
6407682,73,51651,52,High,855.35
4334982,52,44135,23,Low,719.17
2314084,41,31662,25,High,882.69
16269048,28,28701,10,Medium,1217.08
12480238,44,35796,19,Medium,1185.53
9549901,27,23829,8,Medium,466.58
345007,34,34421,13,High,1250.27
15715977,42,34143,26,High,1422.91
3193863,52,36100,28,Medium,1179.37
14120361,59,38346,41,Medium,342.56
13408121,28,28133,8,Low,343.57
10125535,23,27409,4,High,720.53
5722910,28,28050,10,Low,376.3
9622761,51,37831,28,Medium,1411.62
13289358,71,49430,51,Low,361.96
2908979,37,29047,19,Medium,382.83
7089582,42,36083,22,High,1313.64
1281725,65,48970,44,Low,389.09
9355669,42,29600,15,Low,348.74
3183478,25,26094,6,Medium,664.34
14458235,43,33406,22,Medium,583.61
13941979,37,38088,26,Medium,501.06
339603,51,43446,23,High,1212.78
3159559,46,43585,26,High,1424.26
9270353,72,49745,50,High,1447.49
9851850,44,37176,24,Medium,961.85
7185506,57,38364,31,High,873.61
1670743,57,45170,36,Medium,1014.0
13337859,36,30213,14,Medium,672.95
5785564,28,29198,12,High,931.17
6752527,35,36615,13,Low,489.75
11252183,46,29650,29,High,1293.48
15383102,64,39934,41,Medium,723.0
4002902,46,39524,23,Low,1029.02
21341,63,48044,38,Medium,697.53
8528568,56,45129,34,Medium,493.59
9147001,32,30324,11,Medium,702.38
4857478,25,27275,8,Medium,981.91
8588736,54,37390,30,Low,313.63
609012,36,25154,16,Low,387.12
353618,69,47697,46,High,1004.75
6734270,49,35555,31,Low,359.22
7282414,22,24462,4,Medium,855.6
9158288,30,32859,12,High,1215.35
15277290,42,36071,16,Medium,454.09
12247653,41,28008,22,Medium,886.95
16214663,50,38849,27,Medium,377.87
10549133,44,30984,26,High,1225.1
12800653,41,40079,28,Medium,1027.28
8767551,69,49912,49,Low,388.73
13913621,26,25459,9,High,1134.92
12010293,31,32177,11,Low,1239.7
9291634,49,40368,28,Low,454.54
14854345,47,29189,29,Medium,350.76
9377105,58,46834,39,Medium,548.2
3516098,35,36907,17,High,1279.55
3038715,60,38464,39,Low,405.27
7153319,60,45283,40,High,1354.28
8730586,20,22594,3,Medium,793.06
5091285,50,33253,27,High,918.86
1577932,47,34343,29,Low,306.99
6387096,40,38664,16,High,1433.62
6490515,64,48262,45,Medium,647.66
12623463,31,29485,9,Low,379.06
3332478,70,46608,49,Medium,587.56
12198864,70,46532,50,High,1182.7
7488733,40,37877,20,Medium,977.34
15348928,68,50339,47,High,909.61
16449001,38,31984,16,High,1443.19
642069,29,28034,5,Medium,349.28
8303584,40,33272,17,Medium,400.22
1987647,24,26919,6,Medium,1308.42
10947501,28,28394,12,Low,447.47
2847209,52,39343,33,Medium,523.07
3398655,32,34498,9,High,966.98
7058432,59,44457,40,Low,319.58
8624087,67,45078,47,Medium,730.37
8552547,65,48702,47,High,1356.62
8967795,21,21789,2,Medium,664.24
9885706,42,35949,23,Medium,648.92
12949801,33,27038,19,Low,303.7
13898071,43,37184,23,Low,305.3
12307344,37,29199,21,Low,336.56
14764177,23,22049,6,Low,322.66
284670,25,31340,7,High,1198.97
13215076,74,52924,52,Medium,1254.86
16385720,68,49469,47,Low,487.82
7840553,67,48645,48,High,1127.48
658286,63,45536,39,High,1091.41
4293309,58,46172,35,Medium,843.91
13636051,20,20688,2,Medium,528.57
1816729,30,34261,7,Medium,1170.79
4108709,68,50016,45,High,1405.52
13195352,66,48015,44,High,844.06
9457260,33,29238,12,Low,319.13
10119369,54,36535,36,Low,387.02
14605580,31,26970,10,Low,321.86
11249302,46,40411,25,Medium,933.83
11724162,33,34153,10,High,1430.54
1688123,38,33608,15,High,1419.0
14087966,27,24574,8,High,879.55
15119088,46,34853,24,Medium,813.48
10057244,38,36500,18,Low,401.43
12282058,41,34097,17,Low,303.0
2133741,64,38271,46,Medium,695.45
4648747,52,42973,32,Medium,1441.78
11337506,30,28684,12,Low,838.55
14733805,69,47196,48,Low,913.1
4024750,51,39578,35,High,886.82
3081855,70,52537,47,Low,920.75
9074879,73,51557,52,Low,391.67
10708043,39,35957,20,Low,525.41
3808049,58,44288,39,Low,307.99
13052585,44,33525,28,High,1373.13
7792395,43,32801,25,Medium,498.48
9372139,51,42094,33,Low,475.15
7567068,41,40842,25,Medium,1012.5
9859072,72,49553,51,High,1211.34
7640152,28,25526,11,Medium,940.27
12288463,21,24445,2,High,701.65
14259589,20,22253,2,Low,309.57
7126592,60,41789,35,Medium,817.32
5475884,49,45416,29,Low,390.43
14991066,33,28207,15,High,361.02
7578096,67,46194,49,High,1065.28
7351900,45,37777,29,Low,807.57
7064264,60,49714,39,High,1346.46
7624054,49,38682,28,Low,432.61
2402427,30,26825,10,Medium,923.55
12201414,44,30333,26,Medium,1323.57
13410917,58,46160,37,Low,591.18
14637870,68,45476,49,High,887.62
15244842,63,44813,40,Low,370.13
9288759,60,47568,41,High,1274.49
15743440,52,43240,29,Medium,1057.65
9353814,52,42112,32,High,1436.98
16526207,46,36212,28,Low,306.68
10986878,32,33886,14,Medium,942.92
11535265,49,39730,31,High,810.3
10342110,46,38525,24,Medium,758.91
12559299,58,44593,38,Medium,462.4
11046746,37,28116,20,High,1028.93
1542025,66,44674,44,High,1393.08
11726969,34,31641,16,Low,305.94
16336873,34,28707,16,Medium,697.44
11591037,73,47472,51,Low,329.97
219870,48,39887,21,Low,734.3
4424046,62,46971,40,Medium,1141.43
10088303,73,51945,51,High,1139.87
3932857,64,43913,42,Low,558.17
14793736,50,37562,32,High,789.74
4170550,24,22485,6,High,1059.18
6247399,72,50551,51,Medium,533.93
14402912,54,37772,36,Medium,325.7
3540421,24,26917,5,High,1113.75
12662502,31,33067,11,High,1368.61
12836173,43,36488,17,Low,856.26
4536617,44,36081,24,High,1214.29
13046427,56,38520,33,Low,308.52
3347193,37,33924,24,Low,770.99
6623181,27,26466,8,High,532.05
8564037,30,27424,10,High,1031.58
6838910,33,36282,10,Low,886.3
10170706,45,34441,27,Medium,1016.08
12956892,40,27191,18,High,814.93
6750767,39,33567,19,High,1340.76
7513639,41,35126,23,Low,795.06
15728408,50,40756,36,Medium,525.88
11204796,42,33486,24,Medium,744.31
1630272,62,40966,37,Medium,716.12
5235383,39,27827,20,High,1099.83
9499077,40,36621,22,Medium,787.87
11302930,39,35398,15,High,1148.18
4602232,54,39092,31,Low,600.13
2494157,35,28831,14,High,830.32
1626508,59,46466,32,Medium,915.03
8596235,44,39371,25,Medium,396.79
4088162,30,27544,12,High,909.35
5211085,49,39792,25,High,1424.6
3227174,35,30264,12,Medium,985.79
5655821,52,39303,29,Medium,1404.94
11133712,57,36253,38,Low,611.85
1061569,31,37154,8,Medium,1082.98
2297270,27,23539,12,Medium,489.13
6012093,45,34895,33,Low,317.75
974329,56,42817,38,High,1375.83
2687865,30,31246,9,Low,305.83
12467282,47,43157,25,Medium,462.48
9309487,66,47180,43,High,1123.55
13738639,38,31400,18,Low,539.82
8435879,23,21077,4,Low,302.37
3631689,26,31298,7,Low,305.74
16537175,52,32055,31,Medium,398.84
1488996,45,32327,23,High,636.65
3137379,37,39594,19,Medium,640.4
15621870,40,29846,21,High,1042.65
3879667,39,37358,25,Low,780.65
5222696,46,37089,28,Medium,859.64
11270411,25,28381,7,Low,359.82
3635370,40,36120,20,High,939.62
590454,36,30110,14,Medium,940.07
13793637,32,26937,16,High,872.24
7847093,49,40895,33,Medium,884.02
10599614,57,44692,39,Low,389.53
262713,38,34642,22,High,1209.35
10084790,53,39871,34,Medium,983.04
16707808,45,33426,26,Medium,356.67
331443,61,41283,44,Low,304.7
983105,37,35876,16,High,1058.8
6150725,33,24555,11,Low,311.7
9738205,48,37710,32,Low,318.83
5656429,31,31072,8,High,1286.08
8963786,50,38228,35,Medium,484.15
4993893,66,43594,45,Low,307.71
13879363,52,42414,28,High,1441.96
3909598,33,35622,14,High,957.53
8546716,28,28323,9,Low,585.45
1084632,55,38492,37,Low,312.52
3618043,37,32265,22,High,748.91
9696411,40,35325,23,Low,307.59
2398166,48,40081,28,High,913.63
177621,73,49362,52,Low,304.35
14682698,60,47246,36,Medium,1054.6
15346904,41,38908,19,Medium,827.05
16296815,27,33986,10,High,1390.51
7923469,49,37542,19,Medium,345.55
4859537,31,27507,17,High,1032.22
4384963,69,46427,50,High,1424.3
15476303,63,44300,45,Medium,1246.99
10501306,53,35515,28,High,1363.8
1369640,70,47804,49,Low,729.63
5487024,48,37154,23,Medium,856.29
4760443,65,46565,43,Low,463.36
4864736,28,30277,13,Medium,761.87
3864843,64,49137,43,Medium,1098.68
10509598,52,33363,38,High,588.68
6889414,22,24485,6,Low,325.12
14690023,69,49675,47,Low,729.89
1437628,68,45053,48,Medium,1113.87
6220046,28,24872,12,Medium,1041.2
8454201,41,30538,17,Medium,758.51
15821176,43,35399,19,High,1420.02
5296165,37,30492,15,Medium,778.89
14987615,69,51814,49,Low,342.03
12181197,54,42473,34,Low,302.08
15299546,67,48295,45,Low,403.25
1348901,49,33426,27,Medium,573.76
4801715,34,33259,16,Low,427.54
4738811,41,34363,20,Medium,720.63
8296133,75,53823,53,Low,333.53
7422280,27,27210,11,High,1317.85
4089841,48,37974,29,High,1437.73
14146458,35,29536,11,High,1289.25
3002435,47,39134,23,Low,683.12
8388824,26,26599,6,Medium,655.31
13026569,36,30512,14,Low,347.47
10150844,29,26116,8,Low,393.77
8990340,72,50524,52,High,435.01
5928804,50,33932,31,High,952.52
12585927,64,44366,42,Low,334.09
14429219,56,39768,37,Medium,384.13
4510698,21,25098,2,High,1437.36
2938760,31,24672,14,Low,514.58
2284456,58,37045,34,Low,312.64
9446653,55,38036,34,Medium,338.78
10866904,71,52282,51,High,1139.73
14544285,30,35099,11,Medium,676.07
1283586,64,45244,46,High,1427.03
11342092,38,31218,21,High,737.55
1800143,73,53186,52,High,1070.39
6067057,49,33328,33,High,1182.95
13508791,46,31986,26,High,1185.82
4753092,54,41274,31,High,738.09
1339608,47,41585,31,Medium,1046.37
9313266,40,28923,21,Medium,445.3
9199849,65,43793,46,High,602.83
16453550,23,21527,6,High,1196.68
12009658,29,26179,11,High,748.65
11399902,62,42513,44,Medium,387.74
8253359,73,52045,51,Medium,749.41
11065235,73,52692,52,Medium,535.75
3458086,37,31627,17,Medium,416.28
14826356,59,37630,39,Low,302.32
1240081,47,41498,26,High,957.42
2366871,66,48174,46,High,1081.0
6293708,23,26185,6,Low,456.91
14410013,57,42351,36,Medium,978.53
8168557,33,26283,17,High,785.37
7845104,75,53104,53,Medium,491.33
14068406,52,40677,36,High,1259.71
3516278,51,40309,39,Low,308.7
13499981,40,35813,19,Medium,512.98
701977,58,39769,38,Medium,562.64
3856736,69,45398,48,Medium,1345.65
9362970,24,22437,5,Medium,419.73
5258106,62,48105,43,Medium,455.79
12290312,28,28602,8,Medium,1288.08
11007516,23,25065,4,Low,303.95
5686867,72,49247,49,Low,358.11
2886140,52,45393,33,Medium,367.82
7769412,55,39544,36,Low,483.05
7232836,44,39340,19,Low,346.53
3327971,23,29318,5,Low,529.82
2092002,62,46702,40,Medium,562.82
15892257,42,35664,28,Low,394.87
1758872,53,33961,33,High,569.08
12845682,54,31942,35,Low,308.39
14482197,41,29563,22,High,1250.93
2688152,63,38340,42,Medium,385.8
1592276,39,34049,22,High,1128.62
7641942,53,40024,32,High,1261.38
5502432,44,34678,32,High,1429.22
1158430,34,26741,18,Low,302.38
7853515,23,22445,5,High,979.05
798978,41,36168,20,High,816.14
11625085,45,31516,24,Medium,519.46
10198356,35,29989,16,High,1296.24
7914251,56,41936,34,High,1127.46
1791187,38,38488,19,Low,915.48
8750072,71,51040,48,High,1163.64
2793657,30,28680,8,Low,338.94
7642617,22,23559,4,Medium,423.16
2318669,53,47698,39,Low,350.71
16650277,50,35572,37,High,1254.82
8703171,46,38230,31,High,1154.35
9287076,58,48342,39,High,1240.0
5642526,67,42412,47,High,1047.5
8535455,64,48178,43,Medium,590.95
4999985,48,34742,20,Medium,533.05
4047962,62,40453,38,High,802.77
6403589,35,27257,16,Medium,694.8
8665713,74,53067,53,Medium,556.64
14242829,48,36221,26,Low,302.03
3228492,59,47218,41,Medium,1121.97
6100954,57,42769,34,High,855.31
6438775,53,36983,38,High,1150.17
12559673,52,38470,29,Medium,701.64
6777680,50,40260,32,High,1015.31
8355853,34,29744,10,High,1313.64
12055203,63,45466,41,High,1200.54
809618,40,33587,23,High,1441.26
9726984,64,44875,42,Medium,1322.46
6419074,46,35873,23,Medium,993.02
16574694,70,51790,49,High,1111.27
9827879,31,30879,11,Low,336.78
5061352,46,41771,23,High,1403.79
644137,33,31192,15,Low,469.75
6901876,23,21971,3,Low,754.62
16623032,67,46352,48,High,893.89
9198731,53,43297,29,Medium,439.57
15091056,45,30610,31,High,1410.26
13601293,67,48704,47,High,1350.77
11176018,29,23929,8,Medium,410.55
10979823,29,24490,9,High,1319.33
8289751,35,29615,17,Medium,918.7
1527458,54,48401,35,Low,689.2
3029816,44,34664,29,High,517.97
13016917,53,41370,35,Low,317.63
11077953,51,34933,24,High,1262.07
13025395,60,36899,44,High,832.62
12493073,28,25321,10,Medium,1126.97
7131825,63,46111,40,Medium,719.8
14253666,64,44075,43,Medium,343.03
326732,31,34743,9,Medium,582.43
9052902,49,38474,29,Low,309.3
14953102,74,53025,52,High,516.07
14617884,37,35287,17,Medium,1016.88
3152066,47,44801,28,Medium,1364.3
9441860,48,35002,29,Low,306.69
13844574,65,46646,49,High,1152.7
12965598,33,34875,10,High,1368.88
16503477,48,34737,31,High,1400.08
4722169,64,45011,44,Low,302.66
3934243,41,31489,22,Medium,915.38
6184055,32,27165,12,Low,308.99
6365549,33,31094,19,Low,314.43
4131204,48,34779,28,High,782.01
497638,43,30427,24,High,1178.05
9990267,72,53176,51,Low,461.62
12180846,57,39974,37,Medium,347.51
8483309,52,40629,31,Low,338.13
1049341,50,35792,31,Low,365.47
13443720,29,28217,10,Medium,330.03
11657254,67,42636,49,Medium,810.85
3526625,56,38022,39,Low,320.34
12057886,49,36090,32,Medium,345.63
1838494,63,45569,45,High,1074.72
4591000,67,47601,49,Medium,485.62
5193476,64,41004,42,High,1298.15
9149822,35,29356,16,High,626.97
13534370,50,39155,33,High,977.57
10681485,27,23414,7,Low,431.03
6553702,29,24578,13,High,646.44
9268989,32,35306,12,High,1295.85
11480313,39,29667,19,Low,364.24
6479453,30,36744,12,Low,793.43
8136602,66,44013,44,Medium,347.41
5831678,30,30223,9,Medium,1039.52
1108112,45,34282,25,Medium,420.56
6696440,27,23198,11,High,781.46
16583234,65,47613,42,Low,585.54
14160877,60,45603,42,Low,390.98
5414609,66,44921,47,Medium,444.72
6093378,22,23940,2,Low,702.96
8745414,40,37865,12,Low,358.12
5297307,26,29076,6,Medium,665.97
202114,49,40224,24,High,1373.27
15358244,62,45382,42,Medium,678.04
12318905,30,30444,10,Low,734.37
3513007,33,33042,14,Medium,1008.64
323687,61,43967,40,Medium,626.76
4183419,31,28060,8,Low,1144.39
12334119,40,30370,17,Medium,697.38
799962,69,52154,47,High,842.27
8686034,26,26844,9,High,1363.46
5835756,44,38574,19,Low,370.53
9636349,38,30381,17,Low,317.19
13864504,58,44177,35,Medium,907.37
3537426,29,32466,11,Medium,874.29
1907531,27,26463,9,Low,303.28
2251331,51,35477,35,High,514.94
6456388,35,26093,14,High,798.6
4175940,51,37779,31,High,1447.08
13007663,30,31134,10,High,1409.13
3871815,23,23853,4,Low,471.44
14555963,45,37592,27,Low,429.06
13115019,49,35393,28,Medium,1233.98
7738566,42,29781,24,Low,685.17
11511352,21,21123,3,High,1342.64
3073869,44,34329,22,High,1017.43
983420,29,24787,15,High,1394.11
4749181,25,26919,5,Low,420.66
5943697,58,35457,34,Low,327.63
13135990,57,37489,38,Low,307.2
3916248,31,27477,9,Low,320.36
4849045,72,50815,51,Medium,339.21
13789134,21,22293,3,Medium,637.1
7440226,34,24839,21,High,1381.75
13549548,29,30301,10,High,1065.98
15526061,31,30738,13,High,976.84
3083464,29,28002,12,Medium,1051.53
6438349,43,33556,21,High,875.68
12237729,63,47172,47,Low,382.52
13070499,51,41254,36,Medium,702.52
3016550,34,35987,16,Low,820.34
315531,44,33864,21,Medium,401.96
7452969,67,51371,45,High,1110.26
6171869,42,30468,25,Medium,873.93
13236032,49,42375,34,Low,553.64
13632998,52,36108,30,High,1260.52
3599397,57,41546,30,Low,319.7
9098895,65,43920,46,High,884.99
15494870,51,39304,34,Medium,339.83
13414125,40,36110,24,Low,362.25
13607279,46,34976,25,Low,554.03
15184798,63,39960,38,Medium,475.66
13312038,32,29100,10,Low,585.83
15608926,22,26829,6,High,1236.86
7119874,73,52720,52,High,1445.33
9460689,66,43676,43,High,1447.52
12231578,59,37655,31,High,1022.62
3843680,73,49918,52,High,949.51
7540633,59,37891,38,Low,302.34
5225667,55,44152,35,Low,715.09
1962532,69,46089,47,High,545.53
11751967,49,39127,35,High,1426.41
5391485,33,27723,13,Medium,731.45
8182440,47,37692,34,Medium,601.77
7624701,45,33879,25,Low,809.94
535316,37,30599,11,High,1158.1
9611081,30,28844,12,Medium,953.32
15141778,74,52915,53,High,1432.7
8238195,65,45082,43,Medium,772.76
12220200,43,32167,17,High,1325.43
54742,65,48575,45,Medium,1009.14
14901659,60,45826,45,High,754.2
9604819,24,22514,6,High,1359.05
2469121,36,37163,19,Low,553.25
865341,25,24334,8,Medium,467.87
2137840,54,45555,31,High,1429.87
10216851,28,27189,7,Medium,369.78
11041148,23,27140,5,High,1146.82
15593088,42,37597,22,Low,502.59
2738481,69,47815,47,Medium,1046.77
10641488,47,33344,29,Medium,883.29
3975499,62,42504,44,High,906.44
10103263,48,32721,29,High,1278.98
1816842,67,49643,46,High,1267.24
15834014,54,40064,37,High,838.98
5459261,46,38042,29,High,902.27
16492022,29,29994,8,Medium,812.23
8701993,29,34181,11,Low,575.69
14137201,64,47090,40,Medium,959.15
7844837,61,44855,39,High,1346.33
10938748,54,42064,32,Low,306.08
16745781,67,42022,44,High,1094.13
10962287,61,37626,43,Medium,340.81
7934337,61,40702,39,Medium,972.87
1295956,59,46367,33,Low,811.81
10753440,65,50002,44,Low,509.9
2517702,46,38628,33,Medium,363.66
433802,38,31578,27,Medium,804.48
11551429,28,25582,10,Low,329.42
11927841,59,45187,37,Medium,450.39
12361841,69,48929,45,Medium,506.12
7804600,46,31389,25,Low,630.82
1236281,55,50126,36,Low,561.68
3048758,29,31872,11,Medium,713.33
4223847,65,46769,44,Medium,924.84
305042,37,36364,17,Medium,1110.46
13155974,68,49577,47,Low,511.79
24855,43,33982,28,High,1419.23
2476059,30,30687,7,Low,596.86
9273477,53,40513,40,High,1224.66
7987850,26,33410,6,Low,427.36
11259643,57,46737,41,Medium,674.17
7357021,49,44490,23,Low,605.54
12333133,55,36212,39,Low,320.91
4030876,43,31949,30,Medium,659.03
2112714,65,44821,45,High,779.15
13101439,51,39621,32,Medium,522.33
2100552,68,45074,49,Medium,559.51
10225859,67,48699,45,Medium,342.42
4512298,33,33784,13,Medium,1197.06
16180270,33,26406,14,Medium,433.56
8369172,64,44672,42,High,892.61
10129456,48,44584,27,Medium,607.91
14977626,68,49288,46,Medium,898.27
8312453,50,36651,37,High,959.81
16728556,38,27038,23,High,1091.26
8816406,75,53308,53,Medium,989.42
9748024,49,41903,31,High,901.21
8670528,70,45581,50,Low,334.89
15076731,62,48439,39,Low,521.18
7587285,48,34806,32,Low,368.36
1902807,37,30958,17,High,1201.82
12415293,32,30128,9,Medium,834.46
8141787,67,42996,48,Low,336.26
9923968,72,52865,51,Medium,503.48
16084432,62,42080,42,Low,347.54
12415982,54,44070,37,High,1363.4
7123068,32,30491,10,Medium,509.71
9132270,48,35675,24,Medium,984.03
12646494,42,34230,26,Medium,1301.58
14405015,40,36235,21,Low,499.95
12102325,60,40910,42,High,818.73
686624,54,40438,33,Low,445.17
3442771,48,35889,25,Low,785.82
8878953,29,32450,11,Low,355.39
3034513,67,50050,46,High,1144.39
15290514,29,28903,12,High,1380.22
7267886,69,48070,48,High,861.48
14902696,64,48864,36,High,1055.18
2506192,63,43448,45,Low,450.22
5417954,52,43637,33,High,1439.82
3943572,48,39674,26,Low,360.14
1409344,37,31723,17,Medium,697.09
13800096,50,41670,27,High,1364.33
14909329,22,24285,3,High,978.68
13570548,57,45886,36,Low,552.03
2708860,42,30835,17,Medium,765.82
1013674,43,36650,24,Low,684.18
7795282,64,46490,44,Medium,1163.72
14160207,72,49953,49,Medium,470.09
5735384,58,43078,42,Medium,448.58
12376634,61,35485,43,High,1270.63
12180310,69,51668,48,Medium,1100.43
3652465,56,48339,37,Medium,593.83
13608940,64,41447,45,Low,464.71
11556675,68,46025,49,Low,752.74
7513613,46,35898,29,Low,416.18
14072730,37,33027,23,High,1090.37
9099938,44,35848,27,Medium,371.13
9782984,48,44756,26,Medium,1228.11
7794387,28,28875,9,High,1383.89
12178758,31,30173,9,High,581.28
2979218,26,28533,8,High,1037.91
9572220,67,48899,47,Medium,755.09
13450502,52,36341,37,Medium,686.51
6417017,37,31736,13,Low,413.92
2461772,30,26923,8,Low,507.23
7975936,62,44193,44,Low,796.62
6870005,62,45632,39,Low,411.56
425911,41,38619,20,Low,1358.52
10422880,70,43404,50,Low,306.21
16544956,38,30878,13,High,1184.24
14551703,31,26222,11,Medium,475.16
1023250,67,47157,47,Medium,589.7
1391814,26,28359,7,Low,1161.8
11624639,59,42453,42,Medium,880.71
2652683,35,33974,16,High,890.16
13461875,29,26420,10,High,484.09
11666020,48,36636,36,High,957.78
1486896,42,39855,14,Medium,1192.25
3088643,67,45768,47,High,1172.01
16308767,64,45472,43,Medium,1163.48
4743949,37,29085,16,Medium,465.5
5152935,45,43579,17,Medium,589.77
4253270,64,39118,44,Low,335.59
6027557,61,47017,43,High,1304.59
10663555,45,33564,26,Low,344.35
3257475,71,50232,50,Low,365.35
3360901,69,50625,46,Low,519.63
6108204,26,34349,8,Medium,659.31
14736516,45,42842,24,Low,716.31
1012944,45,41815,25,Medium,1382.44
712110,29,30414,7,Medium,726.98
2858645,42,30925,22,Low,315.6
16471011,47,38468,28,Medium,1102.81
2107214,50,42340,28,High,708.72
11276388,63,42447,44,Medium,369.05
11226694,32,34258,8,Medium,761.14
2609547,40,29742,20,Medium,318.79
1563907,38,37452,16,High,1385.92
15207727,61,44326,43,Low,425.27
7958442,55,34316,35,High,969.83
4827553,56,36904,33,Medium,925.66
8669213,21,27034,3,High,862.05
13509069,48,40932,34,High,919.19
7674847,41,38201,26,Medium,657.58
15951166,44,34485,22,Low,385.12
10867084,57,39422,38,High,1446.15
15187823,43,33896,21,Low,386.3
13984344,22,21050,3,High,869.63
6057881,60,43432,38,High,812.84
8024778,49,34768,29,Low,602.04
13322146,40,37855,21,Low,303.04
7935976,60,43727,41,Medium,911.09
16420416,35,32499,12,High,1377.95
11848054,39,35822,21,Low,485.54
10697108,62,46071,38,High,1422.2
795867,23,28364,4,Medium,911.13
5397810,33,32144,10,Low,452.36
7743033,59,45116,40,High,931.23
14368055,37,33704,13,Low,475.18
2799586,63,48914,45,High,1364.73
16164700,44,32484,20,High,1415.22
13110820,49,37240,25,Medium,692.44
1744726,60,42362,46,Medium,435.1
4941781,59,40710,38,Low,502.69
14344321,59,44039,44,Low,372.46
5395302,45,39405,29,Low,316.5
7637867,21,26627,3,Low,407.5
15827996,44,34892,18,Medium,907.12
6842133,51,36769,29,High,1435.33
3276454,34,31481,16,Low,325.63
7289719,57,44071,36,Low,328.9
1995221,47,37342,26,Medium,979.62
3110625,33,27534,18,Medium,1196.94
6912267,29,25617,9,High,1273.45
12917359,63,43714,44,Low,306.12
2482012,48,31829,32,High,1143.29
2757915,37,38809,18,High,1401.5
7185927,24,24301,7,Medium,1186.63
9822415,51,38107,25,Medium,345.76
10155367,73,50549,50,High,1152.92
125739,31,32689,9,High,1425.44
12951329,71,50128,50,High,1307.46
7922279,21,22435,2,High,1388.56
11490133,28,24577,7,Low,455.0
5802777,36,30892,17,Medium,743.36
5814006,43,43319,21,Medium,899.53
5213149,66,45287,45,High,1414.95
16705648,35,34552,14,Medium,837.55
6833241,44,34061,20,High,1054.1
11031910,32,28517,18,Medium,375.36
13659407,22,26360,4,Medium,457.8
9368577,55,38752,37,Medium,506.01
3527323,64,46783,38,Low,378.56
11448366,50,33771,28,Low,303.48
15049157,42,26406,27,High,942.86
6719630,27,26400,11,Low,308.47
14450788,43,33502,25,Medium,759.85
1007275,28,26382,10,Low,304.3
12101147,26,26482,7,Medium,1378.99
10601988,54,46238,34,High,1099.29
4789615,42,33643,25,Medium,433.89
3216407,37,30571,19,Medium,682.32
1675005,57,43237,37,High,1203.08
10338436,62,47079,37,Medium,845.09
14741585,42,32913,16,Medium,813.1
8671745,60,49797,38,High,1436.83
14449964,37,27215,21,Medium,733.41
3437883,71,50739,50,High,1394.68
3028505,28,29245,10,Low,391.72
16445714,50,42828,27,Low,342.53
13000910,62,42627,41,High,455.6
10571485,62,33984,38,High,1227.17
1751311,58,36769,33,High,384.18
7257210,23,27958,3,Medium,1255.4
5201291,25,23651,7,High,1303.49
2565669,67,44566,47,High,1016.09
10502268,60,39972,38,High,1119.18
3823032,22,23550,4,Low,318.27
4088068,46,42313,24,Medium,939.61
11287251,42,34644,19,Medium,456.08
4687092,41,32728,15,Low,327.97
2569430,31,24981,12,High,810.47
10669219,45,43283,20,Low,317.27
1014497,33,31571,14,High,766.14
799910,34,31770,13,High,1312.92
14159785,20,21070,3,High,382.24
1597314,32,32208,19,High,1194.27
11007654,73,48769,51,Low,305.28
4389795,59,36664,35,Medium,716.46
2586821,37,37924,16,Low,304.07
13307387,57,44292,38,Medium,313.8
13835223,33,33725,13,Medium,919.32
7438119,34,30143,24,High,1367.19
8020643,70,49485,51,Low,439.51
14440512,40,33014,20,High,1408.44
13202348,21,22189,3,Medium,356.47
11365278,22,26514,4,Low,645.01
2565681,51,44750,35,Medium,678.94
9357025,26,26657,14,Medium,396.96
12938347,57,41879,36,Low,303.23
4047346,30,32594,9,High,1268.04
14933629,28,27986,6,Medium,1182.6
9372623,51,38244,34,Medium,637.69
7984685,64,45184,46,Low,731.71
8368325,68,50666,46,High,1111.5
15524327,36,29897,18,Medium,367.85
11325370,42,39940,17,Low,663.86
5456592,42,34007,22,High,1365.36
13832464,46,34161,26,Medium,935.61
9144211,29,29530,10,High,1012.01
5690443,35,28319,14,High,926.78
9790698,45,41652,30,Low,723.23
828578,68,50344,41,Medium,525.15
2061736,34,24036,11,High,758.38
3271911,37,33139,18,Medium,760.52
4332615,45,35978,26,Low,312.93
9414554,35,32889,19,Low,420.86
5450148,59,47233,39,High,1154.44
12313079,67,41224,48,High,492.93
2520502,46,34377,25,Low,824.85
1457460,35,39020,14,Low,340.32
16165508,56,44616,42,High,1173.38
8182963,49,33475,23,Low,319.92
2806111,62,41975,41,Low,361.74
11851019,20,22690,3,Medium,770.0
2575991,50,39507,29,High,1438.36
7476779,40,31056,14,Low,593.26
11672118,45,36644,25,Low,303.42
4720340,24,26635,6,Low,492.99
2373223,67,47362,46,Low,934.82
11029855,60,43474,39,Low,398.41
986732,37,28450,15,High,801.0
2668382,23,23620,3,Low,638.89
5888040,36,35742,13,Medium,551.85
8692109,50,39137,31,High,960.66
16564021,22,24860,4,Low,755.93
2733023,50,38536,33,Low,742.79
13662032,39,31059,19,High,562.85
1951933,47,29726,31,Low,582.74
4980563,62,42602,43,Medium,669.9
16172759,46,35266,28,Medium,654.57
14112376,62,45266,38,Low,309.74
15619714,64,42741,43,Low,478.84
5038058,37,40033,16,Medium,1360.32
16289484,50,40604,33,Low,363.2
8534670,26,24257,7,High,1235.76
13185225,73,50911,49,Low,788.92
644295,50,41738,33,Low,1057.15
6770867,25,26507,7,Medium,668.52
1402487,70,45170,49,Low,505.85
15793581,62,49511,43,High,1269.85
270316,21,20471,2,High,1054.6
12496696,42,35507,20,High,1410.9
3863551,54,44389,36,Medium,954.6
15823793,45,38178,22,Low,776.32
1323782,57,41770,33,Low,431.96
6203771,52,41330,33,High,1288.63
5853438,51,37546,27,Medium,848.38
8144625,43,36532,20,High,1233.94
9003401,51,39339,33,High,887.86
12775165,47,39183,26,Low,922.49
8986477,50,33629,29,Medium,427.36
2659215,31,31187,10,Low,385.62
12250948,73,49777,51,Medium,349.32
1471843,61,43922,46,Medium,944.58
13115071,51,35543,31,Low,337.99
2635099,62,45132,41,Medium,406.15
12345243,27,21883,5,Low,399.65
8965321,49,36253,36,Medium,758.18
3643419,30,27724,10,Low,525.19
13768652,47,39928,26,Medium,1113.67
13796725,28,23642,8,Medium,986.13
10032787,68,46177,49,High,453.12
471300,46,37072,30,Low,616.39
7265433,52,39201,24,Low,302.24
11337300,63,39911,42,Medium,589.37
7676020,60,36521,42,High,568.27
5504882,71,47971,50,High,1218.46
15751935,45,35822,22,Low,315.96
9585918,21,21697,3,Low,515.78
10669608,38,32706,22,Medium,1233.03
6128784,61,43838,41,Medium,527.22
4566736,68,46657,45,High,1077.1
15361753,52,40520,27,Low,302.02
6817126,69,50608,48,Medium,810.92
5603940,65,41656,45,Medium,612.38
5964537,26,26851,7,Medium,303.38
2776948,66,44542,45,Low,325.26
16183020,71,50296,49,High,1320.34
15978645,47,31377,24,Medium,474.92
518991,54,35397,32,High,1106.66
15190252,32,31777,11,Medium,483.73
11898724,43,35849,23,Medium,341.34
3406079,27,26767,9,Medium,1049.36
15023073,34,31138,16,Low,804.12
12554410,68,47276,45,Medium,1127.65
6025490,65,43067,44,Medium,441.76
15208792,58,41477,42,Medium,414.16
13895737,28,27215,7,Medium,707.44
3133829,58,38681,40,High,1348.92
15482827,52,39763,26,High,1045.56
7105023,32,28884,12,Low,449.17
8739050,23,28769,7,High,1383.43
11027920,31,28095,8,Low,308.43
906384,37,26835,28,Low,324.48
2507402,61,45019,39,Medium,1212.87
6940169,61,46158,35,Low,390.44
9934466,34,31167,26,Low,306.14
5729492,28,29856,11,Low,353.29
6500631,54,40615,32,Low,306.6
5694124,58,44110,39,Medium,745.29
13313191,58,41507,37,Medium,834.72
12680171,27,33237,9,Medium,474.43
12733717,50,44818,30,High,1258.21
13851300,56,40727,39,High,1045.78
586368,64,47919,41,Medium,677.54
10488126,35,35554,17,High,1005.99
10913736,59,45384,37,Low,438.02
13353299,51,34029,31,Low,303.98
735841,25,30634,5,Low,622.85
16024129,41,32352,17,Low,357.57
1540641,49,31236,32,Medium,703.88
2829862,46,33602,28,High,1342.87
15530242,49,36976,31,Low,452.71
2828341,39,32104,25,Medium,401.18
6126796,51,35114,32,Medium,480.79
15876285,40,30670,23,Low,308.49
11796138,62,45113,36,Medium,1349.93
930680,29,27012,8,Low,417.12
10451789,48,36523,32,Medium,622.84
16098396,43,35048,26,High,1267.18
2069375,28,26604,14,High,1009.66
9673201,45,35403,26,High,1239.8
2700296,38,34017,14,Low,320.26
2695893,54,34218,36,Low,370.07
3576813,48,35107,22,Medium,382.07
725121,33,28145,16,High,707.82
3946429,45,34529,26,Medium,744.9
9848312,67,45032,47,Medium,542.22
9319820,21,22329,3,High,1187.94
3785195,34,32769,14,Low,352.82
1783011,28,31684,10,Medium,1439.46
8373622,40,34428,22,Low,302.02
13311566,40,40429,14,Low,528.87
8645949,49,41064,29,High,1375.48
783190,46,42076,29,High,1314.29
3930338,71,46715,48,High,1087.12
7232353,33,28875,11,Medium,606.91
4822606,43,39351,21,Low,558.1
7927771,67,44991,44,Medium,557.38
15410584,54,37858,34,Medium,596.0
6564637,36,31183,11,Medium,1336.14
9376544,28,28393,8,Medium,687.39
3828325,74,49242,53,High,861.99
8838236,50,40341,30,High,1304.44
8119067,55,46622,31,Medium,716.78
15712460,64,43991,36,High,1217.59
13435431,58,41588,39,Low,451.06
356561,48,34498,27,Medium,408.95
10086541,63,41790,43,High,1012.4
10136875,51,40659,36,High,577.47
7814980,53,38215,33,Low,302.93
16648673,43,36637,26,Medium,947.75
14728732,61,41860,42,Medium,1063.97
5381216,54,43320,29,Low,592.81
12922970,68,46396,46,Low,348.19
16773422,54,38249,33,Low,310.19
5083451,51,35945,32,High,331.07
8073825,58,41459,35,Low,303.99
13352813,43,34930,24,High,1427.17
14684480,42,32303,19,Medium,1005.29
10521419,52,36603,25,High,1355.71
1422202,45,36936,22,High,722.42
2447895,57,41427,41,High,1197.8
16270424,25,21988,7,Medium,590.74
6039972,26,32123,6,Low,924.49
9264621,70,51328,49,Low,314.34
10254467,67,48798,46,High,1291.81
10807086,52,46596,34,High,1160.71
11647687,33,36235,18,High,1262.71
4007449,52,38990,36,Medium,1005.53
10807334,67,45052,46,Low,335.13
3374406,45,34765,22,High,1360.48
13799263,64,47865,46,Medium,766.94
2563286,52,43762,30,Medium,336.7
4091722,42,26246,32,High,682.61
6902650,67,47406,46,Medium,408.28
2907722,70,46514,48,Medium,1152.71
5061926,45,32168,23,Medium,573.8
7250720,58,38915,39,Medium,503.51
1479706,44,35320,28,Low,504.54
11419239,73,52606,51,High,1447.18
6884958,33,30806,11,High,1232.77
8858802,38,41316,22,High,1265.72
11170054,62,41047,44,High,1381.49
12433442,47,35496,30,Low,455.89
6006884,53,36264,41,Medium,555.72
12730726,47,44577,32,Low,372.29
962087,42,39211,20,Medium,1076.18
6725483,47,39998,23,Medium,692.17
2691963,32,25830,14,Medium,1140.12
1836112,68,49749,45,Medium,445.64
16138821,36,34207,10,Low,356.55
11446001,59,47645,39,Medium,448.19
12440057,61,48204,45,Low,310.95
10271092,43,45863,19,Medium,665.96
4379206,49,31389,28,High,1284.1
10582237,31,28286,10,Medium,390.8
9139325,27,25371,9,Low,318.8
15181319,35,39821,18,Medium,832.35
4550906,29,30791,9,Low,305.88
6055095,64,46138,42,Medium,578.88
7268861,29,31065,9,Low,320.73
11089907,29,31915,10,Medium,1146.0
6938974,63,42636,39,High,585.61
1179386,55,40492,33,Low,792.49
14617772,39,32973,16,Medium,1062.95
11572153,67,45802,42,Medium,805.93
3024175,56,36561,36,High,1162.49
11692334,62,43700,40,Low,337.45
12803208,40,39573,20,High,1249.4
10406388,49,33781,26,High,1300.31
5218510,31,30688,11,Low,302.0
14692179,39,30959,20,Medium,395.17
668471,32,30461,13,Low,876.1
10269578,30,28374,15,High,1177.01
7148350,25,25268,7,Medium,853.21
13276438,20,21257,2,Medium,692.41
9554891,54,37463,36,Medium,913.17
1386525,66,43847,43,High,1441.15
9786764,71,51381,49,Low,306.53
16068603,29,28910,9,High,1213.71
13105907,34,32310,14,Medium,827.92
12160877,51,43127,31,Low,1022.5
9028104,24,24446,7,High,776.21
1867615,56,44428,38,High,1119.6
11333138,43,36815,24,Low,303.04
1465550,30,23280,12,Low,313.46
13775733,28,31615,10,Medium,1268.84
358766,46,32000,33,Medium,472.42
1546137,47,42087,30,High,571.93
3893879,70,49765,48,Low,448.21
1776797,35,28004,14,Medium,550.78
15088600,29,31086,8,Medium,816.54
16251891,46,38015,22,High,1373.03
921230,68,44828,45,Low,354.39
3715776,48,34949,34,High,766.56
5878509,51,32612,32,Medium,360.6
9259025,53,33557,32,High,1282.99
8248560,25,27152,9,Low,307.27
15119487,71,50408,49,Low,468.75
12373965,56,43179,39,Low,499.83
13257835,55,44514,32,High,1361.92
11539140,23,22998,6,High,1346.8
12666632,32,32431,11,Medium,936.56
14038274,34,30884,11,Medium,506.27
2581356,55,39861,31,High,902.15
12817000,21,22795,3,Low,438.43
753679,29,27119,8,Low,402.91
12681456,56,46819,36,Low,546.68
9758352,71,52314,49,Low,387.83
5754531,21,22708,4,Low,952.21
1556416,50,37013,37,Medium,433.89
15395026,36,34260,24,Medium,866.94
13730593,65,46442,46,Medium,1008.47
14303425,30,30370,10,Low,397.15
2691973,59,40288,45,High,929.7
10136710,45,34997,28,Low,535.02
5823741,39,33045,17,Low,409.64
15706998,43,32389,27,High,859.86
8737497,22,25576,4,Low,449.65
15420575,34,35345,17,Low,552.22
2512088,67,44871,48,Low,309.53
4570285,41,39121,23,Medium,809.88
3287838,54,42333,32,High,1120.06
652867,70,50133,48,High,1417.48
5643041,63,50198,44,Low,316.21
6067203,42,37067,20,High,1077.07
4489288,27,23775,7,Medium,832.13
8419128,56,41891,37,Medium,736.42
10185749,45,35115,22,Low,541.34
6920959,36,29852,22,High,1365.33
13101876,28,26566,9,Medium,743.49
2828964,69,46699,43,Low,423.79
1065393,60,46739,41,High,1121.53
5899825,33,31938,9,High,1172.64
16396208,37,28783,19,High,862.74
6823811,71,50856,49,Low,375.85
12744040,39,34107,22,Low,536.16
14367291,58,43478,40,Low,366.2
2841232,24,25040,6,High,484.44
162632,60,41131,39,High,1040.75
14631430,27,24301,12,Medium,328.71
5785301,34,25997,11,Medium,473.25
5435915,61,40725,36,Low,349.55
10962165,65,47123,43,Medium,1214.44
2612554,50,36621,27,Medium,497.78
5767889,66,44909,50,High,1049.24
9441363,49,32798,33,Low,318.29
12182781,39,32256,20,Low,333.5
1398812,67,49540,46,Low,696.11
3121679,31,26258,12,High,800.05
992794,31,28775,20,Low,456.96
4929666,62,43555,39,High,1211.69
9718967,45,39629,21,Low,331.65
15492283,62,39868,41,High,1420.55
3822780,63,45360,43,Low,367.44
3157989,44,36185,29,Low,910.9
8682310,73,52660,50,Low,614.15
5901373,34,30943,15,High,1342.42
9649820,30,25594,8,Medium,423.57
13819100,29,26290,10,Medium,743.2
5363354,73,47763,50,Low,434.1
8146333,67,49724,46,Low,312.03
5459275,24,21700,5,High,984.15
16520573,63,47731,42,High,1429.66
13795933,43,37203,21,Medium,475.61
4891044,75,52209,53,Low,500.36
3116514,67,48507,43,Medium,1011.35
15197397,31,32549,7,Medium,1024.09
12287901,41,30798,18,Medium,493.21
15434619,39,36689,21,Medium,1146.28
7032549,39,27966,23,High,1269.81
15258298,25,26794,4,Low,343.19
8306402,55,42330,32,Low,333.83
12447722,22,22192,3,Medium,887.96
14385286,40,35208,21,Low,337.86
2853086,55,35074,31,High,1032.85
15530924,75,53206,52,High,1089.83
9106207,27,27501,8,Low,527.19
12180664,44,41393,24,Medium,353.67
1486400,58,44735,38,Low,649.56
5388707,67,42047,42,Medium,802.7
12835330,31,31020,12,High,1357.37
5338589,65,49018,49,High,993.19
16656327,50,37887,30,Low,838.31
6609122,58,39725,33,Medium,414.14
4888376,67,39949,48,Medium,497.12
610255,30,34323,9,Medium,313.9
10014071,70,48635,47,High,1111.08
900748,74,53355,53,Medium,545.65
9336741,45,35920,24,High,1423.31
10223998,31,30503,17,Low,304.22
3717682,41,29657,23,Low,309.51
106454,25,28783,6,High,1282.62
7305460,29,25617,9,Low,329.52
5069383,59,43448,41,Medium,398.09
14927799,27,32742,9,Low,808.57
7703486,65,46405,43,Low,337.39
3292136,36,31292,22,Medium,574.76
3130207,71,51660,49,Low,623.22
15609301,24,27614,3,High,1264.95
9137727,26,26979,10,Medium,675.66
9932177,46,38963,22,High,1422.07
332223,57,36916,31,Low,318.85
6240068,61,35615,42,Medium,786.18
9299536,33,33496,11,Medium,608.61
352845,61,40445,38,High,1167.97
14376990,57,36304,35,Medium,788.93
11091305,68,44759,47,High,638.8
15767161,55,44662,38,Low,486.19
7294763,35,29937,12,Medium,601.87
10829495,25,29474,6,High,1185.06
13760457,53,37234,31,Medium,1038.79
12920158,44,33482,21,Low,311.32
4666008,43,31449,23,Medium,499.67
5898309,61,47856,40,Medium,1312.87
10779652,33,29218,16,Medium,374.22
3227939,56,44221,34,Medium,737.47
13443061,50,40279,26,Medium,697.97
16492821,60,44728,40,Low,323.94
2684989,36,37287,20,High,1118.08
4651697,66,46227,43,Medium,843.45
3133025,49,39386,34,High,1354.06
8920385,52,35257,33,Low,477.83
6403233,24,22690,4,Medium,322.21
1249108,70,48479,50,Medium,800.5
5058342,53,36990,32,Medium,996.12
9842827,49,42443,31,Low,498.5
6748463,70,50484,49,High,1439.74
11403226,53,36047,34,Low,331.2
9699551,72,47393,50,Medium,1020.69
10112800,70,50741,48,Low,410.13
502627,57,44975,37,Low,320.64
11754595,32,40720,11,Medium,1201.65
5269742,26,26333,9,Medium,1019.86
5152994,29,27273,8,Medium,840.34
13316153,55,41609,32,High,949.35
8115440,72,52713,52,Medium,770.82
9505006,21,21360,3,Medium,558.82
11175991,19,20101,2,Low,302.06
4267991,24,23167,5,High,640.93
12658458,70,48749,49,Medium,310.24
2103080,74,52141,52,High,1388.97
12683956,43,38246,19,High,1408.0
1838933,60,45240,43,Low,525.74
12760379,38,35423,24,Low,665.43
14731751,58,44712,40,High,1364.11
12431028,56,44499,36,High,1417.51
2599132,46,46443,24,Low,419.34
2634207,50,40073,27,Medium,1270.78
14737866,63,40714,44,Low,303.42
12923946,39,28006,19,Low,302.11
1178398,48,32123,27,Medium,965.74
10858219,21,22980,4,Low,329.35
5446530,55,42585,31,High,977.9
9555541,58,43611,41,Medium,545.7
7239068,50,39616,36,Low,664.64
10519677,32,31463,10,Low,400.77
14746450,49,38868,30,Low,495.22
13019598,41,42050,22,Medium,1070.54
4556927,73,51407,52,High,1103.03
12661828,29,24496,8,Low,713.27
12847123,43,30878,22,Low,302.5
14859828,57,43467,40,Low,307.23
6402682,64,47631,45,Low,302.73
12366031,53,40365,34,Low,397.32
16170573,68,47157,47,Medium,1037.79
11616864,63,46146,44,Medium,463.12
10997101,41,41005,21,Low,314.98
11423323,42,34782,24,High,1383.59
16501617,22,24463,3,High,650.31
1135295,34,35008,12,Low,565.99
11707964,37,30662,19,High,1424.43
8370615,66,41053,45,Medium,1181.83
9700489,31,28301,15,Low,982.43
8993424,63,45092,44,Low,484.44
15328858,41,28546,22,High,1398.57
4402234,63,37998,47,Low,309.27
7120515,49,33446,30,High,415.6
16464806,55,42203,32,Low,302.02
1030317,69,51648,47,High,1399.65
5558599,53,47088,36,Low,307.86
15399340,75,53291,53,Low,310.33
9633526,72,46558,52,Medium,321.85
13000612,62,49046,42,Medium,629.08
4951742,69,48301,47,Low,427.02
15469290,34,27842,12,Medium,442.01
14520362,65,44474,41,Low,302.86
6304251,21,26266,3,High,1329.58
8074401,59,43213,40,Low,316.07
9163627,60,41144,38,High,684.0
11988413,67,49413,46,Low,306.82
11162570,64,40956,41,High,1397.56
7827940,32,23912,10,Low,459.12
11771207,38,31591,21,Medium,322.94
16196433,56,39832,40,Low,640.59
14200438,28,26535,12,High,1070.7
12436418,62,43976,40,Low,563.25
11290909,62,41806,44,High,1310.62
2609779,27,34353,7,High,1094.76
15715639,52,37096,34,Medium,790.29
10964108,45,36375,29,Medium,479.43
9710272,47,32175,27,Medium,488.08
10767651,38,33109,24,High,1438.47
14644601,66,41687,44,Medium,998.71
5933076,59,49220,43,Medium,390.02
13108057,69,50907,50,Medium,593.74
16216354,52,40923,28,Low,368.61
14761606,61,46503,43,High,1081.25
582926,52,44571,30,Low,327.52
6565183,33,30741,12,Low,302.53
4107401,37,29679,20,High,745.25
376464,69,46497,50,Low,1100.84
5085996,60,43357,38,Low,309.25
12993623,42,36450,19,Medium,655.68
7784901,42,38878,21,Medium,1116.87
3881967,43,34547,25,High,655.87
374990,49,33180,26,Low,602.63
14652311,34,32447,14,Low,344.12
3266726,54,42039,34,Low,422.19
5386167,63,47212,45,Low,364.56
8722114,34,30678,20,High,564.45
16726922,26,26929,5,Low,726.04
1629474,36,32007,12,Low,308.14
6459586,33,33301,16,High,946.44
6630185,20,21732,2,Medium,641.73
3842506,24,26587,8,High,1157.21
2258337,29,29948,9,High,1171.76
2842103,26,25773,7,Low,432.42
793744,69,49685,46,Low,323.56
5106567,44,35388,22,High,1446.63
4798664,69,50582,45,Medium,1315.27
11213261,53,37273,35,High,733.55
12903730,45,37747,24,High,574.14
2671111,33,35118,12,Medium,687.16
5626035,52,41641,34,High,666.32
1161441,36,35037,17,High,1182.74
7363963,25,23293,7,Low,561.12
14884831,62,43062,42,Medium,882.3
237306,60,45031,40,High,1229.02
9009697,52,40144,34,High,1243.69
8395667,64,48722,45,High,1406.34
11888336,33,29303,11,High,866.4
15442088,56,47421,36,High,1288.04
10614403,63,44941,46,Low,302.17
2955511,32,33243,15,Medium,746.91
2412859,61,45072,44,Low,307.14
6798495,68,48382,47,Low,310.93
10560228,34,35119,14,Low,709.63
16328514,70,49321,48,High,1446.87
3976865,54,37936,33,Medium,716.1
5473923,34,31908,19,Medium,359.45
5460712,35,30474,17,Low,305.06
5846824,38,32890,22,Low,627.93
8218141,47,37027,22,High,1370.78
7032731,28,30046,9,Medium,1001.48
11282051,46,37012,26,High,722.61
2110054,32,29332,13,Low,337.01
9021824,51,33337,28,Medium,442.67
7937250,54,46164,28,High,783.78
8886676,38,31231,19,High,1422.38
3070394,61,47223,42,High,1340.77
501478,37,39728,16,Low,401.61
13101867,42,32762,25,Medium,396.69
11624980,68,46277,48,High,1016.3
4923376,27,30917,12,Medium,425.94
12303919,26,27841,6,Low,336.18
14858811,33,26206,12,Low,339.53
8181380,59,46676,43,High,1345.88
9976848,44,33511,23,Medium,502.31
10740737,36,30586,14,Low,474.09
1345625,56,39667,37,High,1145.63
11832416,68,50169,48,Medium,690.39
9103040,23,26403,5,Medium,494.85
1246343,56,42763,39,High,1193.92
14696322,52,43120,36,Medium,527.21
5396197,53,38716,34,High,1363.17
8059218,64,47773,43,High,818.15
10573682,29,25282,10,Medium,556.53
10161113,53,43085,33,Low,376.9
4861363,51,37786,33,High,1358.47
16708210,43,39171,20,Medium,970.44
9637486,38,32891,18,High,1274.17
9914230,45,32404,29,Medium,460.07
14099632,28,33230,13,Low,329.05
13569631,57,42839,34,Low,446.48
1616438,30,26235,11,Low,305.21
5728427,21,21240,2,Low,797.7
8270907,69,49693,46,Medium,941.83
3034953,36,29050,18,Low,596.07
13439923,50,37508,32,Low,728.94
8559439,29,30267,9,High,894.54
11742997,35,38902,19,High,1388.2
10984845,48,33193,33,Medium,359.67
14783632,60,46632,34,Medium,832.26
4652222,51,38863,35,Low,404.61
3026739,20,20867,2,High,1445.17
8859460,35,36310,17,Low,485.88
7266512,27,25653,7,Medium,761.26
11297727,54,43230,34,Medium,601.89
2384033,30,28808,10,Medium,312.22
5338282,41,32092,22,Medium,349.51
10194765,44,31622,23,Medium,533.51
13337803,24,23049,6,Medium,851.33
1862323,45,43222,26,Medium,953.93
14781913,72,47486,51,High,1223.82
9620864,74,51305,53,Medium,469.76
14246229,66,36683,41,Medium,559.68
8571857,49,37985,33,High,1367.85
5959582,23,25491,4,High,761.19
363431,24,24914,4,High,904.16
12877877,58,42441,39,High,1291.54
9961264,54,45330,36,Medium,686.09
6920096,24,29645,5,Low,528.62
11026172,60,39842,39,Low,323.5
16054108,33,25886,15,Medium,397.69
12411096,62,40227,47,Low,303.85
11272385,23,23747,6,Low,379.16
5153849,55,38752,35,Medium,985.35
15040449,26,27909,11,Low,585.69
9781984,27,26432,7,Low,305.61
9668521,65,41220,40,High,798.56
2213894,41,27805,23,High,602.06
842815,44,39452,24,Low,605.95
1443087,38,28822,17,Low,325.26
10309577,51,41100,31,High,1025.87
2413883,63,45267,44,High,1024.5
12341428,41,37761,20,High,1355.5
6123756,27,26301,7,High,872.76
1462957,27,24189,11,Low,335.16
15450005,27,26736,8,High,771.95
1377393,38,26124,19,High,545.82
2469066,54,37557,31,Medium,549.47
5299936,68,46321,48,Medium,404.5
13540474,73,50124,51,High,1356.31
12418055,63,45420,46,Low,328.76
10533555,58,40469,38,High,745.76
7157650,71,46239,48,High,1288.09
14163361,65,39951,41,Low,345.74
15499561,60,42635,41,Low,308.68
7396743,48,40477,23,Medium,1068.6
13430977,39,36723,15,Medium,1089.31
3573395,45,34902,28,High,1151.29
5143051,61,42784,43,High,1386.79
9866792,54,41369,35,Low,796.63
12055293,56,34049,36,High,522.61
9586598,74,51804,52,High,1254.37
9563513,66,50258,42,Medium,913.43
9397764,65,43491,48,Low,302.33
15483626,61,45714,41,Low,302.14
965142,51,44808,29,Low,323.6
234447,53,39402,34,Low,451.87
11362427,40,33825,19,Medium,794.73
15188943,56,44000,43,High,1366.69
12039253,28,26350,11,Medium,426.06
10540781,70,50233,48,Medium,537.45
14514197,25,31666,7,Medium,663.39
16758963,68,45203,44,Low,497.71
1429876,71,49982,49,Low,375.82
4785492,48,30735,24,Medium,442.61
8896641,66,43150,48,Medium,541.6
2498345,35,26242,19,High,980.94
6258169,52,39697,32,High,1385.63
5846228,58,42612,37,Medium,328.89
12216380,69,48696,50,Medium,1198.67
11247983,52,43150,28,Medium,767.7
10290201,62,41084,45,Low,583.29
3846637,62,46691,42,High,1291.31
12818596,64,45467,43,Medium,645.91
8249649,37,33469,22,Low,447.06
4362523,35,35070,19,Low,302.24
10092302,40,31987,25,Medium,964.26
3107121,36,31434,20,Low,518.6
9891725,29,33125,12,Low,337.0
16137121,72,51197,48,Low,689.53
3954609,51,41838,33,High,707.56
8123006,37,30774,15,High,934.43
15821454,29,36641,9,Low,426.62
1466625,32,32709,19,High,1367.6
5820621,67,45137,41,Low,554.95
13481497,33,27220,9,High,1285.9
6285285,56,29943,35,High,834.47
15551519,56,42383,40,High,1261.58
16202453,38,31179,23,Low,302.16
11923782,67,45475,46,High,1055.36
12335511,67,46592,45,Medium,425.71
10397087,49,37237,32,Low,498.18
8885918,53,43888,28,Medium,448.0
11358746,45,31417,24,Low,321.16
4705535,50,40261,31,Medium,1056.06
221130,36,30438,13,Medium,668.28
20537,70,49691,50,Low,342.23
14924473,72,52925,49,Medium,693.51
15621636,37,36110,19,Low,396.35
6428224,31,27589,11,Medium,843.88
1942912,27,22935,8,Medium,417.66
2385603,46,33983,32,High,782.77
5752547,34,31413,15,Low,320.17
12312850,63,42603,42,Low,379.05
7973574,38,32639,14,High,1122.19
8990000,39,32209,21,Low,479.55
1909730,70,50322,50,Low,558.92
14169429,60,44170,37,High,1231.91
377986,26,29996,6,Medium,839.5
407051,41,31791,25,Medium,586.75
2998111,36,33836,14,Medium,395.29
7752451,41,33834,21,Low,418.27
3327495,21,22754,3,Medium,677.47
2878538,23,23326,5,Low,750.9
1814751,62,44407,45,Low,927.42
1265982,49,39527,30,Low,548.39
5432845,73,51273,52,High,1352.35
13795534,54,35234,33,Medium,953.09
11764088,43,34777,20,High,1333.78
10332664,38,33965,13,High,1428.87
4829337,34,32955,19,High,1371.82
4407392,21,22382,3,Medium,575.89
4188148,42,35337,24,Low,441.82
6860344,67,46699,46,High,1427.91
16571319,35,29487,16,Medium,909.26
15939793,32,24046,9,High,904.93
11002396,39,26858,24,Low,337.7
12173104,20,21793,2,Medium,1208.62
1312893,38,26078,28,Low,303.78
5118654,64,46422,45,High,974.74
5462795,71,47729,50,High,1068.57
2903594,56,39877,39,Medium,727.93
3512959,46,38051,23,Medium,351.74
2421615,25,24750,6,Low,547.11
2606899,58,46309,34,High,1327.38
1780127,39,33288,18,Medium,605.97
9715912,43,42243,20,Low,469.71
403918,66,43276,44,High,676.54
5229908,67,44511,49,Low,682.63
10131021,61,46866,33,High,753.05
10317391,33,28205,15,Medium,439.4
15058788,50,39229,27,High,1436.76
6436238,51,38182,28,High,1070.77
11232102,55,42943,35,Medium,1083.34
2742685,27,28351,8,High,1424.02
9273993,41,32886,23,High,713.43
6087464,28,27166,10,High,1391.3
2214538,38,28896,17,High,624.53
11919060,50,40578,28,Medium,615.14
16080607,35,33694,9,Medium,697.3
10838722,29,28932,12,High,891.98
369520,67,41528,48,Medium,508.54
11009201,61,45669,38,High,1376.66
12593487,58,42943,38,Low,304.03
5862452,47,43612,27,High,1440.38
15978993,43,35238,21,Low,539.05
4001073,30,29612,9,Low,302.07
9299717,70,50428,48,Low,924.76
6235602,57,39664,37,Medium,571.16
245630,40,32090,25,Medium,504.96
4839699,62,43135,43,High,1294.38
15365590,46,31842,31,Medium,1008.44
16651979,31,29984,10,Medium,1163.17
10991232,39,37645,22,Low,417.39
5357299,36,32378,15,Low,352.4
986776,40,32696,20,Low,306.07
16364331,46,38586,22,High,677.29
5376482,54,50631,34,Medium,1215.8
8581200,55,39334,26,High,892.53
11590555,25,27488,4,High,651.7
1017546,53,41018,29,Low,304.28
4702752,53,39987,33,Medium,659.6
5834586,22,26102,6,High,1448.15
1944271,64,47176,46,Low,305.02
3651826,27,26593,7,Medium,434.95
10682280,46,32847,22,Low,476.86
5973286,54,39423,39,Medium,367.6
13862295,28,26399,7,High,1424.35
12992369,24,22163,9,Medium,568.55
10219118,45,33469,29,Low,428.21
15918269,53,40019,37,Medium,826.6
5788847,49,36424,30,Medium,691.14
10479919,47,34879,33,Low,422.67
7199196,26,27728,6,Medium,1246.26
11439142,43,36945,25,High,1075.3
9111866,56,42030,35,High,1421.75
15332352,30,31868,11,High,529.02
4661612,34,27934,15,Low,340.41
3160776,27,25362,9,Medium,644.05
6030626,43,32003,25,High,705.92
11643014,24,25375,4,Medium,509.77
10238128,29,25550,10,High,929.99
15026951,52,42227,33,High,1400.35
4208937,63,42185,43,Medium,453.13
14176039,48,35677,22,Medium,1355.66
11098016,26,26678,7,Low,497.12
2564028,50,35903,27,Low,322.4
4968929,35,34008,14,Low,526.14
10474749,46,42354,25,Medium,572.19
9278586,66,46434,44,High,1013.79
3572146,26,30381,8,High,1432.75
15079076,65,44782,45,Medium,851.54
2032591,54,39139,35,Medium,585.2
9837384,65,41850,40,Medium,631.16
320850,27,30726,6,High,1212.75
13998887,38,30602,19,Medium,1042.17
15104536,57,40906,37,High,911.56
2200945,61,45321,40,Low,312.28
7172883,29,30987,5,Medium,1156.23
3689323,53,37470,38,Medium,679.06
1584747,71,49484,49,High,1426.21
15528906,49,38115,36,Low,668.86
14971244,66,39936,46,Low,305.87
9922743,64,44831,38,High,1259.26
10968965,33,31505,14,Low,428.02
12009654,38,37630,21,Low,534.58
16708097,60,47732,36,High,1233.97
16681802,26,26162,7,Medium,893.52
8964652,31,29374,9,Low,550.64
16042106,26,26407,5,Medium,912.0
3842892,34,27848,10,High,1353.25
1734678,44,37569,26,Medium,742.41
13886494,70,47868,49,Medium,787.78
9922746,67,44179,48,High,1392.67
10979565,56,43151,32,Medium,591.31
2103097,65,47888,46,Low,665.1
6390360,48,41172,24,Low,378.19
6370401,64,43056,44,Low,326.98
3597321,20,20875,2,Low,339.86
15550107,68,49804,47,Low,367.52
11193491,71,51225,45,Medium,1172.18
388396,52,34252,30,High,884.46
15762104,27,29701,6,Medium,650.85
8952187,31,28287,12,Low,456.15
10850343,61,46941,43,High,1145.25
14998229,66,43972,46,Medium,858.04
1737949,70,48682,48,Medium,715.21
3911108,31,25680,14,High,405.78
6052564,59,41562,35,Low,393.25
6794587,58,41779,36,Low,350.79
3386538,52,45695,35,Medium,902.65
896200,36,41521,17,Low,302.96
14738242,54,42292,26,High,1043.77
1863452,44,34097,23,Medium,602.07
13984349,43,31369,22,Low,324.85
11811602,65,37509,44,High,723.97
4466230,53,39818,37,Low,384.71
5042054,59,44328,42,High,1246.6
3315317,59,42611,36,High,1346.79
30223,70,51885,48,High,1105.75
2675988,58,40559,42,Medium,527.83
12927171,72,51111,50,High,1425.6
11769779,32,30790,8,High,1065.36
6825544,51,40864,37,Medium,311.76
8503794,73,50676,51,Medium,786.89
11491945,26,27462,6,Medium,450.02
1596727,30,23438,9,High,801.82
15063001,62,47663,44,Low,311.8
13028756,53,39196,33,Medium,651.46
3391140,69,49994,46,Medium,656.95
15538056,33,27228,13,Medium,1236.13
10894376,20,20590,2,Medium,1279.85
8951581,66,49787,45,High,1430.49
16458217,63,42749,44,Low,366.15
12099747,33,37796,14,Low,323.9
938765,62,44777,37,Medium,1360.18
6580886,21,21301,4,High,1159.19
9789554,29,30603,17,Medium,526.78
1520005,24,23863,10,Medium,527.15
14678369,44,30264,32,Low,305.79
3885996,25,29417,7,Medium,851.98
2020857,21,23334,2,High,1442.1
16629758,69,44434,48,Low,520.66
9497278,31,37931,16,Medium,533.1
5463128,60,46363,38,High,986.67
9209890,50,42910,34,Low,302.01
12790458,47,34802,28,Medium,335.71
6465829,28,33490,13,Medium,921.21
15927659,40,33336,25,Medium,573.56
9545778,26,27283,6,Low,466.43
10268340,36,33096,18,Low,501.83
15518901,54,43691,34,Low,338.87
2752413,37,28378,15,High,759.28
635258,28,32855,9,Low,470.81
625176,59,40110,41,High,981.0
9397263,70,50722,51,Medium,397.6
9958657,62,43851,39,Medium,903.64
471044,58,38805,36,Medium,604.64
9238729,70,46284,51,Medium,462.05
9574842,30,28160,16,Low,318.11
3062597,28,28951,7,Medium,468.0
8962015,53,32483,32,High,369.54
11576619,64,47312,42,High,399.83
3504791,43,36464,26,Medium,1290.3
14671781,28,26318,8,High,1423.53
9592460,31,26976,14,Medium,647.11
7322637,54,41446,31,Low,601.41
1903894,56,39992,41,Medium,327.77
8205144,28,24759,8,Low,414.04
9963627,51,36699,33,High,709.64
2170126,32,28216,15,Medium,440.44
188089,43,39690,23,Low,779.83
1638548,37,30484,14,Low,338.03
4891091,35,31029,17,High,1235.31
2202979,67,45065,50,Low,302.87
7371977,39,33977,16,Low,419.3
12976936,48,40494,22,Medium,1064.9
2622823,28,29969,10,Low,359.53
5837685,44,35119,19,Low,302.9
16465743,65,42193,46,High,472.43
11070337,50,42629,26,Low,500.85
3483507,43,34223,24,High,1201.88
7641958,52,34165,36,High,574.13
5418991,68,48186,49,Low,308.13
1547691,25,30941,9,Low,679.68
2417291,28,29280,11,High,1157.04
438727,23,25530,3,Medium,544.73
5941292,36,34766,23,High,1078.95
7272673,21,23323,3,Low,348.06
4560179,57,39061,36,High,1179.31
13668081,45,34251,21,Medium,832.58
16072771,21,21323,3,Low,776.53
4600418,46,37854,26,Low,320.97
12682711,64,46366,44,Medium,533.36
828762,46,35816,23,Low,308.85
7565151,22,22637,4,High,1435.22
12606676,31,34417,13,High,1347.73
12473322,70,47580,50,Medium,384.48
196487,52,40280,24,High,522.39
14285519,36,39033,17,Low,623.94
3976321,34,33303,13,Low,497.1
4300747,45,30364,27,Low,397.03
9160243,68,46121,45,Low,360.09
15715421,71,48869,48,High,566.67
1092908,27,24991,7,Low,317.52
10181215,33,31102,14,Medium,424.7
9769202,49,35330,30,Low,450.03
5459671,57,38561,40,Medium,1239.76
13005159,64,40075,44,Low,302.1
14718402,59,46887,42,Low,334.02
14456873,27,30417,9,High,1328.49
3980950,30,29789,13,High,1142.88
2079484,30,27348,14,High,1298.53
1748543,44,29227,28,Medium,520.56
8412398,36,32310,13,Low,305.65
11538752,38,38815,18,High,1383.08
12954830,58,42776,34,High,1372.06
1644105,57,43085,30,High,1429.8
5087631,27,26244,7,High,980.26
8823332,67,50235,47,Low,303.46
3040646,52,37351,29,Low,347.44
6274651,62,44583,36,High,1197.24
8373452,40,42889,16,Medium,694.45
4039139,52,37494,25,Low,302.26
5092083,59,40423,37,High,1010.86
11698728,47,34292,30,Low,305.74
8252753,54,34761,36,Low,504.8
3517518,73,50492,51,Medium,320.57
1834859,42,35249,30,High,1097.03
5256949,67,42614,46,High,723.07
7962634,51,31703,31,Medium,852.77
14387461,70,43678,48,Medium,985.75
5104181,43,38110,26,High,1162.68
8534069,23,24200,5,Low,357.72
6431459,41,33029,23,High,1002.85
373081,29,36329,6,Low,1001.0
13227569,50,39797,29,Low,738.32
990738,42,30367,18,Low,352.38
10090379,44,34311,24,Low,309.87
11851756,66,44830,43,Low,307.63
13551630,56,35208,41,Low,433.26
9648099,60,44644,39,High,1334.8
12565119,44,33977,30,High,706.96
12542994,60,46249,38,Low,348.86
8004389,38,30748,15,Medium,522.06
3578814,34,33241,13,High,1227.15
6108185,56,40098,43,Medium,939.9
7301702,32,34112,10,High,1066.64
13577171,44,33947,24,Low,436.32
11954540,58,42158,38,Low,790.67
5026249,54,37030,37,Low,307.45
9957163,42,37851,22,Medium,474.27
1419812,51,37873,34,Medium,1039.36
16502396,54,37371,33,Medium,771.81
16015824,70,47806,51,Low,354.54
2028163,46,37187,24,High,1205.74
6286431,58,40647,38,Low,302.0
12480560,49,37782,29,Low,315.94
2898050,61,43468,41,Medium,385.97
10670206,67,41732,47,Medium,890.18
11480559,25,27005,6,Low,393.12
9311235,25,27426,11,Medium,1038.74
5513152,39,34887,23,High,1392.92
5926482,68,50333,47,Low,1086.06
4839612,39,32309,22,Low,501.39
12562390,51,42500,36,Low,827.25
5840339,48,40655,39,High,1366.64
8766969,53,41102,35,Medium,1198.26
1316885,65,44872,44,High,1082.16
3827024,49,42250,26,Low,337.15
14986636,39,36521,19,Medium,550.37
