customer_id,age,income,credit_score,years_with_company,previous_claims_count,policy_type,region,risk_level
CUST10368,56,116762.8345,403,28,7,Life,West,0
CUST11307,20,36455.11465,634,6,2,Auto,South,1
CUST11155,50,140338.4613,469,23,7,Home,West,0
CUST10323,83,186232.3574,338,2,6,Life,East,0
CUST10931,41,39049.85088,477,11,9,Auto,West,0
CUST11437,57,35850.2751,566,1,5,Life,East,1
CUST10529,30,103152.7446,560,28,3,Health,South,0
CUST10248,62,64669.66465,713,2,1,Auto,North,1
CUST11011,30,104797.6533,697,25,2,Health,West,0
CUST10907,50,147867.0375,521,39,0,Life,North,1
CUST10162,56,199973.9625,407,34,9,Home,West,0
CUST10280,61,81320.92089,496,9,5,Auto,East,0
CUST10932,63,166673.2684,640,12,4,Life,South,0
CUST10585,37,157827.8253,589,32,4,Auto,West,1
CUST11303,71,141119.7688,466,13,9,Auto,East,0
CUST10070,83,52847.90447,645,5,8,Auto,North,0
CUST11394,34,237669.2332,566,36,9,Health,South,0
CUST11140,19,95653.07589,522,30,3,Health,East,0
CUST10038,19,38035.08486,537,22,9,Home,South,1
CUST10577,70,237669.2332,423,4,4,Health,East,0
CUST10104,83,71004.84331,342,15,5,Auto,West,0
CUST11200,46,217197.2228,438,40,5,Life,South,0
CUST11083,56,35850.2751,471,21,0,Home,North,0
CUST10483,30,35850.2751,562,25,3,Auto,North,0
CUST11099,19,114678.3773,691,25,1,Health,South,0
CUST10345,83,170258.1987,338,29,9,Auto,South,0
CUST10570,56,162950.7273,726,10,0,Life,North,1
CUST10314,68,195737.1694,447,25,4,Auto,West,0
CUST10730,83,213357.2104,469,19,2,Health,West,0
CUST10268,82,237669.2332,346,40,4,Home,North,0
CUST10245,65,125878.972,513,26,2,Life,North,1
CUST11490,35,181630.9773,522,35,3,Life,West,0
CUST11185,19,63005.36424,597,11,4,Life,South,1
CUST10142,38,61158.52626,338,15,6,Home,East,0
CUST11167,35,35850.2751,487,19,9,Life,West,0
CUST11003,25,35850.2751,612,10,3,Health,South,1
CUST10361,33,93229.15019,388,23,8,Health,West,0
CUST11400,48,120825.1169,508,25,1,Life,East,1
CUST10966,53,209443.7976,465,30,5,Health,South,0
CUST10542,28,135894.5764,518,29,5,Auto,West,0
CUST10493,23,167418.4081,659,37,7,Life,North,0
CUST10601,19,82262.62786,775,30,2,Health,North,1
CUST10384,19,111563.3487,640,24,2,Auto,South,0
CUST10098,37,158103.5782,626,36,7,Life,South,0
CUST10771,19,154547.1281,775,23,5,Life,North,1
CUST11059,19,85458.11344,608,33,4,Health,North,0
CUST10574,28,122794.828,627,24,6,Health,North,0
CUST11186,19,35850.2751,758,29,5,Home,East,1
CUST10746,55,103322.1354,453,28,5,Life,East,0
CUST11287,59,35850.2751,417,29,4,Life,West,0
CUST11455,46,229213.6496,525,34,2,Home,East,0
CUST10181,73,237669.2332,516,33,4,Home,East,1
CUST10020,38,179843.192,512,36,4,Health,South,0
CUST11483,19,151189.4139,358,16,9,Health,South,0
CUST11169,79,86557.07531,338,36,9,Health,East,0
CUST10402,19,142396.3855,682,16,0,Life,West,0
CUST10962,78,174378.1358,338,15,9,Auto,North,0
CUST11472,32,184587.2737,633,13,9,Auto,East,1
CUST10285,83,125497.3452,338,3,9,Life,East,0
CUST10914,72,153326.875,453,16,8,Auto,North,0
CUST11347,59,93630.17199,625,19,0,Health,South,0
CUST10304,19,40824.34835,608,33,4,Home,West,0
CUST10428,51,84047.9496,345,27,7,Auto,West,0
CUST10365,19,113543.7826,775,34,4,Health,West,1
CUST11403,83,115525.2084,338,16,7,Health,South,0
CUST11338,50,191815.8324,594,13,2,Home,West,0
CUST11393,64,35850.2751,510,19,1,Life,North,0
CUST11218,48,64167.57242,406,15,3,Auto,South,0
CUST10807,83,106147.8783,338,14,8,Home,North,0
CUST11161,26,105632.2995,535,21,6,Health,West,1
CUST10875,67,175645.3799,347,9,9,Home,South,0
CUST10057,36,35850.2751,593,8,3,Home,North,0
CUST11077,48,156809.1745,588,24,1,Health,North,0
CUST10940,55,237669.2332,611,37,3,Home,South,0
CUST10220,65,162172.3137,411,40,7,Life,North,0
CUST11448,19,131676.1195,698,29,0,Auto,West,1
CUST10887,66,119354.017,509,28,8,Home,East,0
CUST10373,19,75926.98966,692,29,3,Home,East,1
CUST11360,80,35850.2751,571,6,0,Health,South,0
CUST11333,83,237669.2332,445,7,3,Life,West,0
CUST10158,63,202473.1783,509,19,3,Home,South,0
CUST10608,54,200891.9893,547,21,3,Home,North,0
CUST11005,19,120525.3727,775,23,3,Health,East,1
CUST10101,30,111462.1377,520,31,7,Life,South,0
CUST10983,49,160085.8347,432,18,2,Auto,South,0
CUST10644,29,118709.007,643,25,4,Life,East,0
CUST11180,40,140839.3187,454,38,4,Auto,North,0
CUST10851,37,86181.49346,454,1,6,Auto,East,0
CUST11486,83,104219.7785,367,29,6,Home,South,0
CUST10366,23,115382.4032,656,40,9,Health,North,0
CUST10808,41,186134.0347,646,27,7,Home,East,1
CUST10777,19,77768.48722,574,38,8,Home,North,0
CUST11031,19,51719.38386,699,15,9,Health,South,0
CUST10153,19,72345.02173,642,27,4,Health,West,0
CUST11291,61,86130.84605,338,21,5,Life,West,0
CUST10557,36,38857.44916,718,14,0,Life,East,1
CUST11142,33,35850.2751,730,2,3,Auto,East,1
CUST11356,77,80340.52652,500,22,8,Health,West,0
CUST11095,70,89239.96829,533,1,3,Life,East,0
CUST10105,60,160771.2668,394,22,6,Auto,South,0
CUST11131,19,163228.8992,661,10,4,Home,North,0
CUST10338,19,35850.2751,610,31,5,Life,East,1
CUST10488,72,53779.17274,377,27,9,Auto,South,0
CUST10076,82,237669.2332,338,26,8,Health,East,0
CUST11107,19,141465.3549,545,32,6,Life,East,0
CUST10630,57,35850.2751,502,1,5,Home,West,0
CUST10837,53,95012.61976,742,11,0,Home,East,1
CUST10388,55,39722.32619,603,20,4,Life,East,0
CUST10164,47,35850.2751,608,23,5,Life,West,0
CUST11137,19,130170.4486,597,37,9,Auto,South,1
CUST10707,32,35850.2751,460,20,9,Life,West,0
CUST10825,75,170120.7564,556,21,7,Auto,South,0
CUST11278,19,35850.2751,705,40,3,Home,North,1
CUST10062,46,117184.6781,519,18,3,Home,South,0
CUST10110,27,92941.34786,628,25,7,Home,North,0
CUST10846,70,172540.5555,338,34,9,Life,West,0
CUST10913,19,107676.3987,662,11,4,Health,North,0
CUST10448,66,121193.8276,526,15,0,Life,West,0
CUST10367,56,198374.1284,690,6,4,Life,North,1
CUST10507,59,166237.2812,675,19,0,Life,North,0
CUST10565,60,175290.1534,552,26,2,Health,North,1
CUST10426,38,101916.6168,549,18,2,Home,South,0
CUST11085,53,182412.1456,497,40,8,Auto,East,0
CUST11071,38,113701.7427,533,20,5,Health,East,0
CUST10708,74,126270.7359,569,21,2,Home,East,1
CUST10253,29,98220.77644,605,21,3,Home,East,0
CUST10299,53,53103.21359,430,28,9,Life,North,0
CUST10256,83,134936.2706,338,20,3,Home,South,0
CUST10854,78,117102.6052,564,1,2,Health,East,1
CUST11156,55,176951.443,566,25,3,Life,South,1
CUST10679,26,154868.5454,433,33,9,Health,West,0
CUST10389,78,139141.3382,338,24,1,Health,North,0
CUST10599,71,35850.2751,537,8,1,Health,South,0
CUST11018,54,99810.66782,502,7,5,Auto,East,0
CUST10562,36,78649.31816,629,21,4,Life,East,0
CUST11216,77,66840.65365,403,27,5,Life,South,0
CUST10319,83,186594.1443,353,13,3,Health,West,0
CUST10008,22,67504.90393,775,25,6,Home,South,1
CUST11208,23,117332.1061,528,39,4,Health,North,0
CUST10093,37,36868.38578,496,31,8,Health,South,0
CUST11417,68,154366.7521,513,37,7,Home,South,1
CUST10021,83,105188.9749,378,8,5,Life,North,0
CUST10833,33,106398.6318,498,27,5,Auto,South,0
CUST11047,76,218597.2236,478,11,8,Home,West,0
CUST10125,40,155149.0832,600,40,7,Life,East,1
CUST10146,31,134357.5657,717,4,0,Auto,South,1
CUST10176,19,102197.2481,632,32,4,Health,South,0
CUST10981,57,182391.6148,615,23,6,Health,South,0
CUST11023,29,46080.67489,715,9,1,Auto,North,1
CUST11248,72,175595.2855,385,21,9,Health,East,0
CUST11411,44,116075.9939,507,40,5,Auto,North,0
CUST10969,83,237669.2332,338,7,7,Health,East,0
CUST10845,83,183705.2723,594,19,0,Home,East,0
CUST10242,19,107785.7628,688,40,6,Home,East,0
CUST11249,56,40392.63692,446,23,7,Home,North,0
CUST10275,19,35850.2751,554,26,9,Health,West,0
CUST11228,83,121030.9797,444,16,9,Auto,East,0
CUST10159,45,70690.63536,520,17,3,Auto,South,1
CUST11198,64,119462.7455,448,10,3,Life,East,0
CUST10050,45,46939.34401,775,15,2,Auto,East,1
CUST10789,32,35850.2751,590,28,3,Home,East,0
CUST10407,44,66464.77836,580,27,9,Home,South,1
CUST10786,55,156068.6365,514,23,3,Auto,South,0
CUST10278,35,52428.48556,633,15,3,Auto,East,0
CUST10133,33,91341.80479,603,20,3,Health,East,0
CUST10254,64,124447.5384,412,11,6,Life,West,0
CUST11026,19,120162.7419,775,31,1,Home,East,1
CUST11369,43,103783.7708,775,38,0,Health,West,1
CUST11037,19,54254.20374,697,20,3,Auto,West,0
CUST10445,53,118253.4901,558,20,7,Home,West,0
CUST11402,19,147994.5672,621,9,1,Life,West,0
CUST10147,33,35850.2751,715,11,0,Health,South,1
CUST10481,27,237669.2332,595,40,8,Health,South,0
CUST11340,21,35850.2751,462,26,7,Auto,South,0
CUST11008,19,90833.44537,662,38,2,Life,West,0
CUST11110,19,141189.4626,585,40,6,Life,East,1
CUST11496,46,59194.70828,358,13,3,Life,West,0
CUST11172,57,35850.2751,543,1,9,Auto,North,1
CUST10090,41,97473.24783,606,1,2,Life,West,0
CUST10920,28,129872.3832,534,19,1,Auto,East,0
CUST10893,83,61291.5868,411,8,8,Life,West,0
CUST10072,23,165888.9558,651,32,4,Health,West,0
CUST10239,83,94095.6951,438,18,6,Auto,East,0
CUST10427,29,186412.6428,708,35,3,Home,South,1
CUST10743,47,237669.2332,581,31,6,Life,North,1
CUST11438,83,174368.6749,338,33,0,Health,West,0
CUST11250,77,81419.34709,464,29,3,Life,West,0
CUST10797,50,237669.2332,399,40,9,Health,East,0
CUST10978,80,149777.9964,682,5,0,Health,East,1
CUST10714,19,67021.40534,724,14,5,Auto,South,1
CUST10312,68,143763.9402,587,29,8,Auto,North,1
CUST10394,19,110633.7079,646,29,4,Auto,West,0
CUST11430,69,203100.298,473,38,4,Health,West,0
CUST10782,69,227802.6665,548,24,3,Life,North,0
CUST10229,38,35850.2751,562,19,5,Auto,North,0
CUST10785,19,35850.2751,766,33,4,Home,South,1
CUST11275,81,47163.76647,440,7,3,Life,South,0
CUST10850,53,35850.2751,512,1,8,Life,East,0
CUST10218,25,193690.2798,699,3,2,Auto,West,0
CUST10945,19,210654.4049,664,29,3,Auto,East,0
CUST10317,19,35850.2751,648,40,2,Auto,North,1
CUST10455,19,85944.78618,621,20,1,Health,East,0
CUST10120,34,126269.7794,612,26,2,Life,North,0
CUST10486,24,35850.2751,505,23,0,Health,South,0
CUST11049,43,111918.0022,597,11,9,Life,South,0
CUST10652,23,43175.90355,619,21,7,Health,North,1
CUST10048,70,39760.23467,437,23,4,Health,West,0
CUST10709,68,35850.2751,774,16,4,Home,West,1
CUST10687,70,66744.91626,380,21,6,Home,West,0
CUST11320,73,180386.6048,403,32,3,Home,East,0
CUST10751,25,202891.3052,497,40,4,Auto,North,0
CUST10847,38,35850.2751,437,23,3,Auto,North,0
CUST10579,63,188205.8669,524,13,5,Auto,East,0
CUST10509,21,192841.9106,566,40,5,Life,West,0
CUST11045,19,87838.60168,595,26,2,Health,South,0
CUST11279,49,35850.2751,611,6,6,Life,West,0
CUST10067,19,35850.2751,775,14,5,Life,South,1
CUST10249,20,139561.0284,706,22,6,Life,East,1
CUST10663,73,237669.2332,511,31,3,Life,North,0
CUST11217,71,237669.2332,341,40,9,Life,South,0
CUST10081,51,137650.6298,626,16,2,Home,North,0
CUST11295,19,45803.18409,539,19,6,Health,North,0
CUST10648,46,237669.2332,642,40,4,Life,North,0
CUST10921,44,135424.3811,530,18,4,Health,South,1
CUST10503,83,85638.03621,489,14,0,Home,North,0
CUST10911,24,35850.2751,486,31,9,Life,South,0
CUST10123,46,79197.21163,523,24,4,Life,East,0
CUST10496,59,189710.5052,372,40,5,Life,East,0
CUST10034,39,187348.412,501,24,5,Health,South,0
CUST10768,39,65680.5302,768,9,0,Auto,West,1
CUST10468,55,40699.66686,580,1,2,Life,East,0
CUST11253,26,35850.2751,614,26,1,Health,West,0
CUST10689,27,67713.61434,486,37,7,Auto,East,0
CUST11019,39,153693.7517,454,22,5,Life,South,0
CUST11034,76,228721.4509,474,12,6,Auto,West,0
CUST10350,19,57597.95662,647,6,2,Home,North,1
CUST10137,56,35850.2751,597,7,5,Auto,West,0
CUST10597,43,110078.4753,523,14,7,Auto,South,0
CUST10126,21,96543.99089,546,21,0,Health,North,0
CUST10615,33,188189.988,625,33,6,Health,East,0
CUST11183,46,35850.2751,601,3,4,Health,West,0
CUST10946,24,153554.9448,470,26,8,Life,West,0
CUST10085,71,159833.048,467,12,7,Health,South,0
CUST11014,51,102357.8883,535,23,2,Home,East,0
CUST10354,19,130443.961,775,40,1,Auto,West,1
CUST10194,26,104048.4473,618,30,7,Home,South,0
CUST11427,19,51048.72157,619,40,4,Auto,South,0
CUST10073,41,101029.8796,522,15,5,Life,West,1
CUST11235,83,237669.2332,379,11,5,Home,South,0
CUST11272,52,64337.97464,459,31,8,Auto,North,0
CUST10726,19,138238.3268,574,34,2,Life,North,0
CUST10141,21,35850.2751,690,39,7,Life,South,0
CUST11348,40,35850.2751,425,21,5,Home,West,0
CUST11056,19,166607.6341,579,40,9,Auto,North,1
CUST11431,19,35850.2751,727,24,9,Health,South,1
CUST10316,19,35850.2751,775,26,7,Home,East,1
CUST10843,27,185732.4391,638,28,5,Life,North,1
CUST11126,42,52128.44857,451,40,9,Home,West,0
CUST11231,52,73844.80185,656,18,6,Auto,North,0
CUST10621,77,87367.03646,507,1,2,Auto,West,0
CUST11212,55,144674.2288,578,27,3,Auto,South,0
CUST11299,22,146903.5825,675,10,2,Home,West,1
CUST11297,64,143162.1516,775,15,2,Health,East,1
CUST10925,34,87479.62215,515,40,5,Health,South,0
CUST10150,74,197518.718,385,30,7,Health,East,0
CUST10288,71,133582.3358,385,16,9,Life,East,0
CUST11308,47,68445.08098,409,22,7,Health,South,0
CUST10453,56,190564.1694,553,17,4,Health,East,0
CUST10003,40,35850.2751,369,27,9,Health,West,0
CUST11439,43,52245.5274,664,12,7,Auto,West,0
CUST11355,65,161408.6999,562,11,3,Home,West,0
CUST11236,32,75802.22566,561,26,3,Auto,West,1
CUST10999,54,121764.4172,338,20,9,Life,North,0
CUST10832,45,169043.5082,460,16,8,Home,West,0
CUST10930,39,132852.8837,563,21,7,Auto,East,0
CUST10240,41,214261.7624,483,39,0,Auto,East,0
CUST10901,19,35850.2751,632,40,0,Life,South,0
CUST10990,65,35850.2751,508,17,2,Life,South,1
CUST11042,46,35850.2751,599,18,6,Life,East,1
CUST11053,82,148317.8515,338,31,9,Auto,South,0
CUST10346,19,142910.4895,575,29,6,Home,North,1
CUST10731,59,185106.4437,505,40,5,Life,North,0
CUST11317,50,143663.2243,546,24,4,Home,West,1
CUST10390,47,53024.9783,579,40,4,Life,North,1
CUST10084,19,55128.49262,710,14,1,Life,West,1
CUST10754,47,126721.7004,775,40,0,Auto,East,1
CUST11196,62,51539.5347,421,22,8,Life,East,0
CUST10778,19,35850.2751,753,16,6,Life,West,1
CUST11413,53,35850.2751,641,17,7,Health,West,0
CUST10637,83,174303.5964,338,32,3,Home,West,0
CUST11461,55,129441.2251,528,29,5,Home,South,1
CUST10325,58,73536.02493,612,35,3,Life,East,0
CUST10302,29,35850.2751,578,17,1,Health,South,0
CUST10163,71,172794.9163,521,26,3,Home,North,0
CUST10903,62,118194.9196,383,17,5,Health,East,0
CUST11062,28,35850.2751,535,17,9,Life,South,0
CUST11177,57,133843.2135,408,22,2,Auto,North,0
CUST11313,40,126819.4902,486,24,8,Life,North,0
CUST11004,59,51424.41411,454,12,4,Auto,North,0
CUST10744,25,121804.1177,589,40,0,Health,East,0
CUST10464,56,227000.4804,628,33,2,Auto,West,0
CUST10809,19,38302.36402,751,21,9,Life,North,1
CUST10669,51,35850.2751,512,38,4,Health,South,1
CUST10336,49,35850.2751,494,19,7,Health,East,0
CUST11066,58,158448.3795,412,30,7,Home,North,0
CUST10939,31,75803.24096,669,9,0,Life,North,0
CUST10947,41,172901.3295,640,15,7,Health,East,0
CUST10228,34,138829.3751,420,14,8,Life,East,0
CUST10013,39,173876.5996,439,34,4,Life,North,0
CUST10474,59,178214.6365,541,22,8,Health,South,0
CUST10813,31,110950.7345,762,18,9,Home,North,1
CUST10386,78,179383.9868,461,25,4,Life,East,0
CUST10016,31,35850.2751,561,23,7,Life,East,1
CUST11260,19,110440.2913,633,6,6,Health,East,0
CUST11410,38,131959.612,533,17,4,Life,West,0
CUST11265,62,196219.7884,588,20,7,Life,South,0
CUST10002,44,88357.47392,586,29,6,Health,North,0
CUST10130,79,237669.2332,379,25,4,Auto,North,0
CUST10379,21,113419.9492,543,37,4,Life,East,0
CUST11464,44,53863.41821,521,22,7,Life,North,0
CUST11480,38,68478.09842,360,40,7,Health,East,0
CUST10145,83,217783.9877,391,20,6,Auto,North,0
CUST10701,83,96528.94355,389,15,8,Life,West,0
CUST11120,62,225261.785,396,40,9,Home,East,0
CUST10202,42,171534.8161,441,24,5,Auto,North,0
CUST10916,27,130665.1651,775,5,1,Auto,West,1
CUST11222,23,206967.8682,560,40,4,Auto,West,0
CUST11349,19,36482.20363,729,32,3,Auto,South,1
CUST11044,31,52123.59785,484,21,6,Health,South,0
CUST10979,44,136275.8377,691,1,7,Life,South,0
CUST11139,27,237669.2332,657,40,3,Auto,North,0
CUST10100,37,90818.5615,749,22,4,Auto,North,1
CUST11366,19,35850.2751,611,12,7,Home,West,0
CUST11112,72,148955.007,516,35,5,Auto,North,0
CUST10180,59,131516.9405,590,5,4,Health,South,0
CUST10029,55,98670.66367,560,29,5,Health,West,0
CUST10759,64,144745.8258,617,19,4,Auto,South,0
CUST11371,48,40032.1369,520,11,5,Home,West,1
CUST11353,19,35850.2751,668,22,5,Life,North,0
CUST10334,75,154286.2236,522,20,6,Health,East,0
CUST10894,68,228204.8396,532,13,5,Health,West,0
CUST10905,83,146564.73,511,1,7,Auto,South,0
CUST10548,22,84641.07795,764,9,1,Home,North,1
CUST10411,83,93989.75516,460,11,7,Life,South,0
CUST10988,19,57977.82809,522,38,1,Life,South,1
CUST10347,55,130035.3207,603,37,5,Life,North,0
CUST10640,43,72304.88995,610,8,6,Health,West,0
CUST10449,57,126695.174,570,13,6,Life,East,0
CUST10236,26,35850.2751,627,26,3,Auto,South,0
CUST10287,33,161229.5248,508,39,4,Auto,East,0
CUST10684,39,81720.43253,543,37,8,Life,South,0
CUST10536,57,229484.1609,467,18,7,Health,West,0
CUST10646,56,114294.5482,375,6,1,Life,South,0
CUST11081,33,86323.90742,704,32,6,Life,West,1
CUST10943,19,154659.5854,558,40,8,Health,North,0
CUST10460,25,74924.76931,436,24,4,Life,North,0
CUST10672,42,117591.5462,576,18,1,Health,West,0
CUST10412,41,39850.9625,519,15,6,Home,North,0
CUST10431,58,189339.4377,704,31,0,Life,North,1
CUST10382,58,183208.4815,338,31,8,Auto,North,0
CUST10919,30,49866.20173,775,8,3,Life,West,1
CUST11407,54,84014.07342,529,38,4,Life,West,1
CUST11113,71,85773.55761,431,38,4,Home,North,0
CUST10392,72,122044.6862,636,16,0,Health,West,0
CUST10396,55,111327.9798,469,20,7,Life,South,0
CUST10423,19,137877.7533,681,31,7,Life,East,0
CUST10182,19,35850.2751,643,21,9,Health,South,0
CUST10852,63,79817.54331,401,1,4,Auto,North,0
CUST11215,19,146763.0782,520,30,7,Home,East,0
CUST11093,43,55151.6967,476,6,8,Home,South,0
CUST10470,33,114433.7312,629,31,3,Health,North,0
CUST10803,19,66356.52317,669,20,9,Life,North,0
CUST10349,83,166920.8201,435,31,4,Home,North,0
CUST11079,64,120193.2006,440,4,5,Auto,East,0
CUST11224,42,35850.2751,646,2,4,Home,East,0
CUST10309,66,178954.39,425,19,0,Health,West,0
CUST11159,19,45930.09607,494,35,8,Home,South,0
CUST10524,19,35850.2751,459,24,7,Auto,North,0
CUST10517,33,61703.86701,688,20,4,Home,South,0
CUST10513,74,35850.2751,593,17,0,Life,South,1
CUST10160,43,35850.2751,565,6,3,Home,South,0
CUST10839,52,81082.44532,381,22,5,Auto,North,0
CUST11257,46,186482.6529,488,28,0,Auto,North,0
CUST10560,19,195049.3356,697,24,8,Home,North,1
CUST10561,38,131306.9241,741,35,2,Auto,East,1
CUST11226,57,157798.0183,338,17,9,Life,West,0
CUST10922,57,237669.2332,498,20,6,Home,East,0
CUST10033,19,213221.7763,683,37,0,Auto,East,1
CUST10819,44,50200.75779,540,23,6,Auto,South,0
CUST11046,67,169085.2891,415,19,3,Home,East,0
CUST10970,47,156252.2314,572,3,0,Health,North,0
CUST11292,45,65857.64712,504,29,6,Auto,South,0
CUST10626,19,57221.25589,775,5,1,Life,East,1
CUST11205,62,111441.5743,515,14,6,Health,South,1
CUST11326,63,174829.6389,468,12,7,Home,North,0
CUST10118,83,210557.3369,410,31,7,Health,West,0
CUST10697,58,105953.3599,596,1,0,Home,East,0
CUST10870,41,115969.0736,609,37,1,Home,West,0
CUST10678,50,137473.5404,635,22,3,Life,South,0
CUST10572,19,35850.2751,649,5,7,Life,West,0
CUST11136,63,162484.4117,394,29,6,Life,West,0
CUST10446,47,228601.2203,658,28,7,Health,West,0
CUST10063,42,231982.0836,695,25,0,Health,West,0
CUST10292,51,91277.60843,563,1,5,Auto,West,0
CUST11246,45,98300.43352,522,26,2,Auto,North,0
CUST10523,38,35850.2751,712,1,8,Health,East,1
CUST11148,65,237669.2332,652,27,1,Health,East,0
CUST10121,42,126906.4038,522,29,7,Health,South,0
CUST11057,39,113857.2151,477,24,9,Auto,East,0
CUST11380,38,117234.7029,466,19,6,Life,North,0
CUST10994,73,76264.92373,338,27,9,Auto,East,0
CUST10340,82,172642.9143,494,3,3,Health,East,0
CUST10135,19,35850.2751,686,11,6,Auto,West,1
CUST10387,23,52276.82453,745,34,4,Life,South,1
CUST10217,69,51636.9632,513,24,2,Health,North,0
CUST10454,64,164555.3174,388,31,8,Auto,North,0
CUST11273,49,46809.21062,644,20,9,Life,East,0
CUST10775,63,117803.2322,362,32,0,Auto,East,0
CUST10628,37,51517.49038,724,1,0,Auto,North,1
CUST11084,83,147965.6922,338,18,5,Home,South,0
CUST11024,65,107978.9198,558,1,5,Life,East,1
CUST10514,35,85643.48294,582,27,5,Health,North,1
CUST10671,70,138807.15,338,36,6,Health,North,0
CUST10882,25,45817.36213,528,30,9,Health,West,0
CUST11115,41,164397.1274,371,22,8,Health,South,0
CUST10061,83,167420.7656,338,28,9,Health,West,0
CUST10487,47,127639.2662,386,39,5,Health,South,0
CUST10324,39,121995.9883,738,13,6,Auto,North,1
CUST10961,80,54073.31349,420,8,9,Health,South,0
CUST10704,21,35850.2751,515,21,4,Home,East,0
CUST11329,79,69297.55026,431,15,9,Auto,South,0
CUST11007,64,147973.7995,685,32,3,Health,West,0
CUST10175,76,79603.52944,475,18,3,Health,North,0
CUST11399,34,46812.01944,734,15,2,Health,South,1
CUST10364,62,141719.3024,366,18,4,Home,East,0
CUST11000,83,109343.503,552,1,3,Life,West,1
CUST11241,19,69665.36859,660,31,4,Auto,East,0
CUST10129,33,180665.0988,642,33,4,Life,South,0
CUST11073,83,95505.78058,444,8,3,Life,North,0
CUST10593,27,35850.2751,679,16,1,Life,North,0
CUST10414,19,70343.08719,551,34,9,Health,North,0
CUST10140,21,147609.4325,592,36,8,Life,West,0
CUST10360,49,77547.70836,347,28,9,Home,South,0
CUST10855,55,35850.2751,561,1,0,Auto,East,0
CUST10171,58,154348.6203,623,15,6,Life,West,0
CUST10471,38,222239.3295,715,25,4,Health,South,1
CUST10197,62,150682.4582,564,29,6,Health,North,0
CUST11470,19,35850.2751,668,24,6,Health,East,1
CUST10668,79,192592.4759,482,25,2,Health,North,0
CUST10216,58,128543.5156,631,15,5,Life,North,0
CUST10265,73,146882.1333,500,1,6,Home,North,1
CUST10017,35,157636.0271,656,16,5,Life,West,0
CUST10128,60,63022.12583,438,12,3,Health,North,0
CUST11330,19,43408.06123,773,20,5,Life,East,1
CUST10741,19,47668.54005,746,32,1,Health,South,1
CUST10769,31,53569.58587,738,21,0,Health,South,1
CUST10204,35,154221.3441,505,37,0,Auto,West,0
CUST10992,54,141640.497,662,25,2,Auto,East,1
CUST11135,29,59062.5337,665,4,1,Home,East,1
CUST10068,61,87585.64884,502,19,8,Health,South,0
CUST10521,45,117413.0636,691,1,0,Auto,West,0
CUST10450,36,35850.2751,491,11,7,Life,West,0
CUST11442,49,176642.3929,712,14,5,Auto,North,1
CUST10567,74,216943.3849,338,25,3,Auto,East,0
CUST10933,50,53099.20117,354,20,6,Life,East,0
CUST11408,80,150334.5675,428,23,6,Home,East,0
CUST10928,58,124361.0576,430,23,2,Auto,East,0
CUST10091,48,127343.2562,618,22,6,Life,South,0
CUST10337,65,181578.3698,365,17,8,Auto,West,0
CUST10645,59,35850.2751,480,8,4,Home,West,0
CUST11036,50,161562.1712,462,40,2,Health,West,0
CUST11414,30,56468.83925,563,28,5,Health,West,0
CUST11243,47,51542.17528,659,11,8,Health,West,0
CUST10116,36,64412.52528,675,6,4,Home,West,0
CUST10015,19,63498.21086,607,40,0,Health,South,0
CUST11305,23,35850.2751,703,28,7,Auto,East,1
CUST10422,41,96633.27829,561,14,4,Auto,West,0
CUST10765,83,146101.7946,477,19,4,Health,East,0
CUST11157,23,237669.2332,573,38,9,Health,South,0
CUST11174,39,35850.2751,516,23,3,Auto,South,0
CUST10465,19,118416.4315,671,36,2,Life,West,1
CUST10080,21,35850.2751,775,6,5,Health,South,1
CUST10211,25,123813.1645,529,40,2,Home,South,1
CUST11489,39,222373.926,503,25,5,Home,West,1
CUST10880,54,237669.2332,498,22,1,Auto,North,0
CUST10566,58,105635.815,656,26,3,Life,North,0
CUST11281,43,179917.2613,599,30,4,Health,West,0
CUST10537,29,35850.2751,706,3,1,Auto,North,1
CUST11428,28,119921.6928,693,40,1,Life,East,0
CUST10662,22,82415.58013,565,40,5,Auto,North,0
CUST11495,37,85950.54668,615,4,4,Auto,West,0
CUST11423,53,195975.1546,505,40,5,Home,West,0
CUST10606,19,90481.26835,607,40,1,Health,South,0
CUST10984,52,62561.40018,605,9,1,Health,North,1
CUST11206,59,165749.9893,514,12,3,Auto,West,1
CUST10241,76,90749.41073,373,17,1,Auto,West,0
CUST10784,53,183115.909,509,23,2,Life,North,1
CUST10719,59,103930.1842,338,8,7,Health,North,0
CUST10434,52,134627.3365,351,14,9,Auto,East,0
CUST10552,43,194501.0591,737,31,6,Life,East,1
CUST11259,31,137589.1025,471,28,8,Auto,East,0
CUST10397,53,87612.70718,465,38,6,Auto,North,0
CUST11197,62,148113.6105,511,24,3,Health,East,1
CUST10372,28,207425.5924,751,38,3,Home,South,1
CUST10838,19,35850.2751,573,23,8,Home,West,0
CUST10283,74,50578.57369,338,1,9,Health,West,0
CUST10149,54,127473.3018,596,34,5,Health,West,0
CUST10052,37,45659.58558,449,15,5,Life,North,0
CUST11002,19,75336.16349,775,26,5,Home,West,1
CUST11397,78,79279.10505,522,1,4,Home,North,0
CUST10019,41,35850.2751,497,32,9,Auto,West,0
CUST10889,79,151085.7652,358,18,2,Auto,West,0
CUST11101,31,35850.2751,539,27,4,Health,North,1
CUST10290,62,163740.8088,522,21,8,Auto,East,0
CUST10099,38,107810.4478,586,28,0,Auto,East,0
CUST10413,66,97733.97211,369,24,9,Health,West,0
CUST11432,48,200788.6289,493,27,6,Life,North,0
CUST10348,47,98075.08525,548,27,8,Life,West,0
CUST10259,19,37060.2323,581,27,3,Life,East,0
CUST11358,49,72376.54772,687,28,8,Auto,West,1
CUST11143,74,49026.2885,338,6,2,Auto,South,0
CUST10330,33,47786.31239,632,33,4,Auto,North,1
CUST10956,44,35850.2751,483,36,6,Home,West,0
CUST10375,67,63644.91083,570,12,3,Health,North,0
CUST10049,66,212991.6136,670,3,0,Home,East,0
CUST11109,59,200750.9466,360,30,4,Health,South,0
CUST11312,83,35850.2751,467,12,6,Life,East,0
CUST10224,19,35850.2751,704,14,9,Home,West,1
CUST10264,29,38007.15327,609,22,4,Home,West,0
CUST11412,77,183929.4316,352,28,8,Home,South,0
CUST10553,32,35850.2751,684,4,9,Home,East,0
CUST10747,50,131486.1729,506,28,8,Life,East,0
CUST10910,19,35850.2751,615,27,7,Life,South,0
CUST10022,22,102693.747,627,40,0,Life,West,0
CUST10502,40,174444.5326,665,27,1,Life,East,0
CUST10357,83,151697.2312,383,14,4,Auto,East,0
CUST10494,37,106762.5358,574,25,9,Health,North,0
CUST10971,19,127858.2462,645,36,7,Health,North,0
CUST10200,45,162328.6057,604,13,4,Auto,South,0
CUST10871,28,94602.78665,593,30,6,Health,North,1
CUST11392,73,131533.3584,346,25,8,Auto,East,0
CUST10443,55,228917.5454,644,35,4,Health,South,0
CUST10260,53,102923.3646,466,26,4,Home,East,0
CUST10752,53,56555.92879,710,1,3,Health,East,1
CUST11251,70,105434.8973,443,15,9,Home,East,0
CUST11332,42,35850.2751,623,18,4,Health,South,0
CUST10896,43,35850.2751,614,7,9,Home,West,0
CUST10660,19,35850.2751,624,22,6,Home,West,0
CUST11184,39,51651.30044,534,34,8,Auto,East,0
CUST10573,20,35850.2751,612,24,5,Life,South,0
CUST10767,30,47380.39141,638,10,7,Home,West,0
CUST10143,34,161462.614,614,30,7,Home,West,0
CUST11374,40,103319.2633,616,29,4,Life,North,0
CUST10497,83,186676.1509,379,31,4,Health,West,0
CUST10226,55,35850.2751,493,11,2,Auto,North,0
CUST10277,82,141686.9643,338,15,5,Auto,North,0
CUST10106,77,35850.2751,348,4,9,Home,South,0
CUST11254,80,67195.01414,338,9,9,Auto,North,0
CUST10009,48,115887.3746,467,17,6,Home,North,0
CUST10508,50,35850.2751,560,5,5,Home,West,0
CUST10974,32,123506.5339,486,35,9,Home,West,0
CUST10144,38,35850.2751,596,16,2,Home,West,0
CUST10189,60,35850.2751,404,15,3,Health,East,0
CUST11162,83,89063.95667,367,8,7,Health,South,0
CUST10685,22,237669.2332,543,40,3,Health,East,0
CUST11373,47,219497.4356,422,39,9,Life,South,0
CUST10438,19,35850.2751,767,33,4,Life,West,1
CUST11339,42,73514.70833,689,8,0,Health,East,0
CUST10748,29,44963.1036,745,15,0,Home,East,1
CUST10031,83,41790.3639,338,4,7,Life,West,0
CUST11100,60,103823.9235,592,39,1,Life,South,1
CUST10092,39,146770.3381,377,28,9,Home,East,0
CUST11213,73,135587.1959,627,7,3,Health,North,0
CUST10840,70,225151.0268,363,21,6,Life,West,0
CUST10416,77,237669.2332,407,26,6,Health,South,0
CUST11318,19,35850.2751,583,26,9,Auto,South,1
CUST10094,28,123426.6842,765,38,0,Life,West,1
CUST11365,55,132098.61,499,34,1,Home,East,0
CUST10456,49,212169.0787,527,40,6,Health,East,1
CUST10007,77,168377.868,441,17,3,Life,West,0
CUST10297,51,141295.5745,653,23,0,Life,West,0
CUST10238,32,172753.5481,440,40,1,Auto,East,0
CUST10362,72,118895.0039,388,20,4,Auto,West,0
CUST10629,42,138521.6055,525,11,4,Auto,South,0
CUST10155,38,35850.2751,626,24,9,Auto,West,0
CUST11102,55,103181.1445,480,18,9,Life,North,0
CUST10874,19,35850.2751,613,20,7,Home,East,0
CUST10800,34,67752.69518,645,30,6,Home,West,0
CUST10198,32,81617.86291,591,40,1,Auto,West,0
CUST11345,83,123479.7653,338,1,7,Life,East,0
CUST10352,44,163606.5961,572,19,2,Life,West,1
CUST10495,23,148838.8328,564,26,5,Life,West,0
CUST10631,33,211496.7275,598,26,4,Life,West,1
CUST10957,63,120956.1425,422,1,5,Home,West,0
CUST10627,65,149303.0718,415,22,9,Life,West,0
CUST10543,70,68017.43591,485,2,1,Health,South,0
CUST10656,41,167233.8006,588,16,0,Life,North,0
CUST10303,45,66635.04765,536,8,6,Home,North,0
CUST10298,26,132656.6248,700,24,0,Life,West,1
CUST11199,59,204300.3873,490,20,6,Health,North,0
CUST11343,19,35850.2751,763,12,0,Auto,South,1
CUST10359,70,59825.78774,488,15,6,Auto,North,0
CUST10083,19,35850.2751,765,28,2,Life,East,1
CUST10193,23,172334.3501,523,40,7,Health,North,0
CUST10207,58,142256.024,338,26,3,Home,East,0
CUST10419,21,103911.0646,696,40,4,Life,South,1
CUST10400,36,98143.80826,506,26,8,Health,West,1
CUST10559,23,47976.05631,493,32,2,Health,South,0
CUST10040,19,35850.2751,725,24,6,Health,South,1
CUST11237,45,120353.4355,550,36,8,Home,North,0
CUST10540,45,138297.8284,447,15,5,Life,East,0
CUST10429,27,161549.4308,581,15,2,Home,West,0
CUST11227,19,35850.2751,664,26,7,Health,West,1
CUST10587,42,134725.6377,388,29,9,Health,North,0
CUST10654,55,145628.9387,614,24,5,Life,West,0
CUST11456,47,60622.44159,550,23,6,Life,East,1
CUST10462,44,159827.8036,699,39,0,Health,West,0
CUST11406,19,126236.1529,740,25,0,Health,East,1
CUST11383,21,94324.96001,535,40,6,Life,East,0
CUST11474,83,236618.3695,430,20,6,Life,West,0
CUST11118,83,42345.50604,338,18,7,Life,East,0
CUST11130,45,50651.27642,412,37,9,Auto,South,0
CUST10594,83,140258.2621,461,14,8,Life,North,0
CUST10479,68,167762.7807,394,19,8,Auto,East,0
CUST10425,83,49320.95244,338,26,5,Home,East,0
CUST10088,32,90108.84316,596,35,6,Life,South,0
CUST10168,57,114657.8961,641,7,4,Health,South,0
CUST10308,19,40686.69024,599,26,6,Health,North,0
CUST11030,55,135058.4799,474,24,1,Auto,South,0
CUST10806,19,35850.2751,760,32,2,Auto,West,1
CUST10378,51,232034.5809,702,25,0,Life,South,1
CUST11469,46,130503.7768,723,4,0,Life,South,1
CUST10219,78,71871.00396,338,10,5,Health,North,0
CUST10369,45,109032.4378,609,14,3,Life,East,0
CUST11263,57,151216.4646,452,34,3,Home,South,0
CUST10779,54,82236.05693,357,36,7,Home,North,0
CUST10525,25,35850.2751,399,40,6,Home,North,0
CUST10451,62,135542.3134,394,13,0,Health,East,0
CUST11429,54,149450.8045,553,26,2,Auto,East,0
CUST11444,62,35850.2751,568,28,7,Health,South,0
CUST10274,83,35850.2751,395,1,0,Auto,North,0
CUST11268,74,59506.94166,407,20,0,Health,South,0
CUST10878,63,195911.1437,338,18,4,Home,East,0
CUST10849,23,38023.67941,509,5,7,Health,North,0
CUST10169,23,72142.23095,638,23,2,Health,East,0
CUST10119,58,151852.8334,503,31,1,Auto,North,1
CUST10964,80,80663.10809,603,13,5,Auto,North,0
CUST10617,19,63147.23206,702,40,8,Health,North,1
CUST10027,19,124072.768,525,32,6,Health,North,0
CUST10848,20,35850.2751,775,24,0,Auto,South,1
CUST11296,82,190744.6928,338,16,3,Home,East,0
CUST11420,19,35850.2751,683,1,2,Home,West,1
CUST11481,19,124427.2364,695,34,7,Life,North,0
CUST10657,38,44319.75604,706,28,9,Health,East,1
CUST10315,64,176468.0932,404,15,0,Life,North,0
CUST10109,48,160179.9709,775,29,0,Auto,East,1
CUST10286,30,152609.3956,448,25,5,Health,South,0
CUST10058,41,59719.5147,674,1,2,Life,West,0
CUST11252,30,133522.4784,410,37,6,Health,North,0
CUST10614,42,76222.79867,475,29,9,Health,North,0
CUST11331,42,137676.7043,450,8,9,Health,West,0
CUST10883,77,177535.648,475,7,7,Auto,North,0
CUST11152,19,65356.92859,537,33,8,Health,South,0
CUST10305,40,137536.81,554,21,6,Life,West,1
CUST10115,53,41186.91414,561,14,3,Health,North,1
CUST11032,19,158129.6775,590,26,9,Life,South,0
CUST11497,83,150966.2057,403,7,9,Auto,East,0
CUST10154,65,54333.45602,619,18,5,Life,South,0
CUST10750,75,195440.0362,567,33,3,Health,North,0
CUST10866,83,70056.63279,508,32,5,Home,West,0
CUST10890,31,53129.14619,568,18,5,Life,North,1
CUST10151,73,198529.747,338,26,9,Home,South,0
CUST11404,47,121856.4745,656,40,0,Auto,South,0
CUST11261,60,217506.4367,424,33,6,Life,South,0
CUST11105,36,108736.1288,523,13,6,Health,East,1
CUST10835,36,183023.3566,581,34,5,Home,East,0
CUST10006,32,67822.70682,491,33,7,Auto,West,0
CUST11239,24,142562.735,647,23,4,Life,South,0
CUST10251,58,237669.2332,338,32,6,Health,East,0
CUST10650,45,35850.2751,589,27,5,Auto,West,0
CUST10996,19,73580.98502,733,32,4,Home,East,1
CUST10401,30,237669.2332,754,28,4,Health,East,1
CUST11337,75,166335.1309,525,13,0,Home,East,1
CUST11065,51,125923.8146,620,23,5,Life,North,0
CUST11173,39,112688.296,511,32,9,Auto,North,0
CUST10343,19,35850.2751,583,38,9,Auto,South,0
CUST10892,82,237669.2332,462,30,4,Health,East,0
CUST11498,62,87138.78555,514,40,4,Life,East,0
CUST10773,32,126801.4936,664,33,2,Life,South,0
CUST11067,28,176264.7632,487,40,4,Home,East,0
CUST10258,19,35850.2751,775,11,0,Life,West,1
CUST10584,29,62183.84149,513,26,5,Health,West,0
CUST10046,57,35850.2751,571,25,4,Life,West,0
CUST10953,46,44095.81522,436,23,9,Life,North,0
CUST11485,26,81688.66989,455,26,6,Health,South,0
CUST10810,73,147782.073,478,17,4,Auto,North,0
CUST10485,50,122434.0924,664,17,6,Home,West,1
CUST10215,28,35850.2751,595,29,0,Health,North,1
CUST10727,72,80297.1729,550,19,8,Health,West,1
CUST10059,28,128957.0569,683,38,5,Auto,North,0
CUST10056,19,35850.2751,686,14,0,Life,West,0
CUST10944,45,184760.8228,634,25,0,Life,North,0
CUST10134,52,99559.17225,570,13,7,Life,South,0
CUST10891,70,35850.2751,510,1,6,Health,West,0
CUST10805,77,237669.2332,551,13,7,Auto,West,0
CUST11179,70,116046.3432,433,8,2,Life,North,0
CUST11280,19,66625.80707,689,40,7,Auto,West,0
CUST11440,37,100878.5667,775,22,3,Auto,West,1
CUST11001,69,202598.4049,511,40,9,Health,East,0
CUST10596,44,93756.11571,548,39,3,Auto,North,1
CUST10898,41,237669.2332,364,40,2,Home,East,0
CUST10010,50,112185.1488,575,26,8,Health,East,0
CUST11256,19,161928.4929,615,40,6,Auto,South,0
CUST10721,44,35850.2751,461,19,9,Home,North,0
CUST11175,19,116843.4871,564,36,5,Auto,North,1
CUST10500,33,135861.7328,610,37,3,Home,East,1
CUST11181,83,163009.9286,370,19,4,Home,North,0
CUST10139,59,35850.2751,530,10,1,Health,South,0
CUST10327,65,70158.75329,477,1,6,Home,North,0
CUST11346,47,95145.96341,678,9,0,Health,North,0
CUST11334,47,35850.2751,537,1,7,Life,West,1
CUST10064,83,59305.30028,452,4,5,Health,North,0
CUST11310,68,50662.90326,508,1,9,Home,East,0
CUST11447,83,188262.0617,531,1,8,Life,North,0
CUST10683,62,165786.4345,417,27,9,Home,West,0
CUST11088,47,237669.2332,775,15,6,Life,East,1
CUST11229,41,143597.2308,523,9,6,Health,North,1
CUST10753,38,77904.69739,512,19,5,Home,North,0
CUST10667,62,114192.4352,422,31,3,Life,South,0
CUST11460,79,56934.47451,410,22,5,Home,South,0
CUST11244,62,117891.2365,386,33,8,Health,East,0
CUST11164,53,121464.212,347,17,8,Health,East,0
CUST10442,36,199080.2544,774,35,3,Auto,East,1
CUST11306,48,160397.9598,485,14,2,Health,North,0
CUST10653,23,154810.2731,587,35,0,Auto,West,0
CUST10550,52,151138.3992,575,19,4,Home,East,0
CUST11488,46,170367.5887,619,24,5,Auto,North,0
CUST10575,21,148933.7673,611,32,1,Auto,East,0
CUST10991,83,237669.2332,338,22,6,Home,North,0
CUST11168,40,115398.5723,566,24,0,Home,North,0
CUST11323,38,105909.0504,775,9,5,Health,North,1
CUST11315,43,63788.56586,579,9,1,Life,East,0
CUST11061,54,186728.0451,635,18,0,Health,South,0
CUST10282,75,157292.6503,374,10,9,Home,North,0
CUST11324,47,180403.5061,552,36,5,Life,North,1
CUST10097,19,35850.2751,775,21,1,Health,East,1
CUST10261,76,100883.1425,338,38,1,Life,West,0
CUST10792,19,110102.6735,775,40,4,Auto,East,1
CUST10926,39,35850.2751,368,23,9,Auto,East,0
CUST11040,67,108259.0744,467,28,2,Health,East,0
CUST10531,28,81161.96324,592,27,2,Life,East,1
CUST10568,50,67968.78783,493,21,9,Health,North,0
CUST10772,52,183121.0587,549,27,5,Auto,North,0
CUST10518,83,196296.0245,338,27,8,Auto,West,0
CUST10603,19,94857.55991,700,40,1,Home,North,1
CUST10620,56,155572.3027,364,40,7,Health,South,0
CUST11492,48,35850.2751,567,9,7,Life,East,0
CUST10344,28,193463.9353,481,36,2,Health,East,0
CUST10210,52,35850.2751,578,11,4,Auto,South,0
CUST10165,30,104800.4708,588,25,3,Life,North,0
CUST10489,54,90496.32632,464,7,6,Home,South,0
CUST11300,49,35850.2751,495,10,9,Home,North,0
CUST10156,19,169669.7967,666,33,1,Health,East,0
CUST11160,72,142661.0205,449,5,1,Home,South,0
CUST10908,42,143877.4466,470,17,4,Life,South,0
CUST11245,40,35850.2751,461,19,4,Auto,East,0
CUST10967,61,74424.10709,440,28,8,Health,South,0
CUST10757,73,231982.8668,556,16,3,Home,West,0
CUST10742,83,63460.04074,497,19,1,Auto,East,0
CUST10982,66,55807.78905,434,33,5,Auto,South,0
CUST11041,41,135328.5401,650,26,8,Health,West,1
CUST11282,19,38435.41702,699,21,4,Home,East,1
CUST10677,77,120195.9544,338,24,5,Auto,West,0
CUST10607,34,38773.92743,581,19,0,Health,South,0
CUST10257,46,237669.2332,715,40,0,Life,North,1
CUST10841,58,35850.2751,396,7,8,Auto,North,0
CUST10706,38,49102.47517,678,19,6,Home,East,0
CUST10636,25,46819.66464,431,14,0,Auto,North,0
CUST10633,19,79635.34867,489,26,6,Auto,South,0
CUST10511,70,35850.2751,521,19,0,Auto,West,0
CUST10385,33,134935.7124,600,17,5,Auto,West,1
CUST10001,19,161606.7128,632,23,1,Life,East,0
CUST11035,47,38471.55853,491,20,8,Home,North,0
CUST10000,62,234287.1791,524,30,9,Home,North,0
CUST10954,30,51975.87999,612,8,7,Home,North,0
CUST10418,57,237669.2332,388,34,6,Life,North,0
CUST10598,40,209543.0936,338,24,5,Auto,South,0
CUST10186,83,237669.2332,411,18,4,Health,North,0
CUST11419,79,214663.8014,475,13,4,Auto,North,0
CUST10225,83,154867.7173,467,1,7,Home,South,0
CUST10243,65,130340.7304,413,26,6,Life,South,0
CUST10399,82,155136.8029,338,20,4,Auto,South,0
CUST10949,50,175813.5687,483,40,5,Health,South,0
CUST10830,42,166134.3132,468,32,6,Auto,East,0
CUST10827,31,73730.5693,421,37,9,Auto,West,0
CUST10244,40,125643.6374,440,26,7,Auto,East,0
CUST10622,83,179585.6255,399,34,8,Health,South,0
CUST10301,19,116167.1004,775,40,3,Life,South,1
CUST11377,53,215482.0395,511,36,6,Auto,North,0
CUST10739,33,81546.50482,716,5,0,Life,North,1
CUST11117,19,75262.69749,775,21,1,Home,West,1
CUST10190,24,109272.9495,630,40,6,Home,West,0
CUST10356,19,109219.0451,751,31,5,Health,North,1
CUST11016,39,116836.6123,514,28,4,Health,East,1
CUST10732,83,87621.10986,356,2,7,Health,West,0
CUST11068,67,152591.5574,480,22,6,Auto,South,0
CUST10958,83,174459.4878,548,2,5,Home,East,0
CUST10195,52,35850.2751,503,4,7,Life,North,0
CUST11063,31,35850.2751,680,25,1,Life,North,0
CUST10030,41,53720.86933,561,15,7,Health,East,0
CUST11050,19,69422.15563,616,38,5,Home,North,1
CUST10332,43,35850.2751,583,13,6,Health,East,0
CUST11435,54,175290.3535,527,8,3,Auto,South,0
CUST11052,26,133181.5375,580,16,9,Life,West,0
CUST11069,54,147251.0109,675,32,0,Health,West,0
CUST10331,51,168393.5276,491,21,8,Home,North,0
CUST10281,83,205360.1392,448,26,3,Auto,South,0
CUST10108,43,107424.4334,529,22,8,Life,West,0
CUST10410,41,123269.1343,407,16,6,Home,South,0
CUST10976,42,133329.6938,603,4,4,Life,East,1
CUST10188,19,182106.8035,436,33,9,Auto,South,0
CUST10718,83,144651.5621,338,13,0,Auto,West,0
CUST10028,46,108653.6114,667,4,2,Home,East,0
CUST11301,19,35850.2751,775,31,1,Life,South,1
CUST10078,60,103402.5962,471,30,5,Life,South,0
CUST10670,39,133658.9676,616,15,6,Health,East,0
CUST11209,52,127142.1284,631,24,5,Home,West,0
CUST10941,28,42358.14686,663,16,6,Health,East,0
CUST10405,58,84078.04361,734,5,1,Home,East,1
CUST10963,69,45251.82467,481,23,3,Life,North,0
CUST11233,49,51807.88682,338,14,9,Auto,West,0
CUST10604,74,236832.2491,338,28,8,Auto,South,0
CUST10205,71,165582.2368,447,25,1,Home,South,0
CUST10441,42,187584.5173,556,27,3,Life,North,0
CUST10736,67,172346.4787,527,11,1,Life,South,0
CUST10293,48,93519.61343,338,26,5,Health,West,0
CUST11190,73,205235.7641,362,29,5,Home,South,0
CUST11372,78,119295.1816,414,28,2,Life,West,0
CUST11195,65,136755.8393,534,24,5,Auto,North,1
CUST10960,58,36660.72146,663,8,3,Auto,North,0
CUST10717,83,85926.70041,478,14,3,Life,East,0
CUST10329,63,181184.5277,632,21,3,Auto,East,0
CUST10760,38,123604.8135,548,40,1,Life,East,0
CUST10075,60,133908.6786,432,14,6,Home,West,0
CUST10212,38,226076.8727,775,16,0,Home,South,1
CUST10433,42,206178.1047,522,22,1,Home,North,1
CUST11203,73,184223.8215,561,22,4,Auto,North,0
CUST10307,41,39430.11717,621,1,0,Life,South,1
CUST11220,83,160117.557,338,20,3,Auto,East,0
CUST10836,27,216235.1476,615,38,6,Auto,West,0
CUST10680,19,99805.94368,612,10,9,Life,East,1
CUST10322,75,105639.2935,444,27,5,Auto,South,0
CUST11033,44,222527.403,601,35,4,Life,West,0
CUST11359,62,107662.8434,532,7,5,Auto,East,0
CUST10690,57,35850.2751,582,3,3,Life,South,1
CUST10476,60,38495.66392,409,20,9,Health,North,0
CUST10541,31,35850.2751,486,23,9,Auto,South,0
CUST10867,55,107079.825,519,30,8,Home,South,0
CUST11398,61,154975.8903,375,7,7,Auto,South,0
CUST10458,83,132238.0749,338,11,4,Life,North,0
CUST11133,19,156491.9949,634,40,0,Life,West,0
CUST10421,83,139882.6447,378,11,3,Life,North,0
CUST11230,19,86252.90409,658,24,3,Auto,West,0
CUST10724,56,35850.2751,338,7,8,Health,East,0
CUST10703,83,191829.6071,352,21,9,Home,West,0
CUST11449,32,133078.0257,461,26,9,Health,North,0
CUST10250,46,65414.48857,596,28,2,Home,East,0
CUST11064,38,78432.2533,505,4,8,Life,West,0
CUST10609,40,49008.23463,503,3,3,Auto,North,0
CUST10519,51,195939.4131,718,25,3,Home,West,1
CUST10879,55,105811.8587,338,17,5,Home,West,0
CUST10122,71,160440.2619,370,40,6,Health,North,0
CUST11128,19,35850.2751,775,4,0,Auto,West,1
CUST10501,27,149770.2954,514,40,5,Home,West,0
CUST10043,40,156432.4989,619,35,6,Health,East,1
CUST10635,19,148516.2816,670,39,7,Home,West,0
CUST10173,62,137102.6881,503,13,6,Home,North,0
CUST11274,29,69325.58999,661,15,7,Home,East,0
CUST11424,78,161306.7394,413,21,8,Life,North,0
CUST11462,55,145673.5712,446,20,9,Auto,West,0
CUST10247,55,37776.07756,539,1,4,Home,West,0
CUST11038,73,78651.0372,392,28,9,Life,West,0
CUST11171,70,152934.7492,444,26,0,Auto,South,0
CUST11321,83,186744.6352,430,32,5,Health,East,0
CUST10616,22,35850.2751,535,19,6,Health,West,0
CUST10311,27,35850.2751,528,14,6,Life,East,0
CUST11009,59,75484.62604,605,13,5,Auto,North,0
CUST11270,56,54937.70009,511,10,8,Auto,North,0
CUST10586,33,42024.83928,552,24,3,Home,South,0
CUST10437,39,109397.0803,599,28,8,Home,North,0
CUST10715,33,138757.9854,589,28,7,Auto,South,0
CUST11426,49,58047.98237,481,32,5,Health,East,0
CUST10132,60,190511.3502,715,12,2,Health,South,1
CUST11210,66,36436.57873,480,8,8,Auto,West,0
CUST10263,25,206733.8905,525,26,7,Health,North,0
CUST10545,79,72197.45036,343,10,9,Home,North,0
CUST11378,19,35850.2751,699,37,6,Auto,North,0
CUST11211,32,35850.2751,636,33,5,Home,North,0
CUST10986,37,111394.6763,408,40,3,Home,East,0
CUST11015,64,143166.1772,476,8,3,Home,North,0
CUST11452,48,131471.9776,373,22,4,Life,South,0
CUST10632,83,237669.2332,490,18,1,Home,West,0
CUST11170,19,166654.2157,775,4,0,Health,North,1
CUST11376,70,35850.2751,476,1,3,Health,West,0
CUST10374,25,35850.2751,571,35,2,Health,South,0
CUST11138,57,178563.6923,492,20,8,Auto,West,0
CUST10977,19,237669.2332,545,40,7,Home,West,1
CUST10157,80,35850.2751,364,8,8,Auto,South,0
CUST10199,33,129975.0238,564,40,6,Health,West,0
CUST10530,19,152905.5042,775,17,3,Life,South,1
CUST10527,56,35850.2751,585,8,3,Home,South,1
CUST11325,19,143504.5805,609,36,4,Life,North,0
CUST11363,39,99579.54635,568,23,5,Auto,West,0
CUST10333,19,134786.8643,694,32,0,Life,South,0
CUST10735,51,155958.9414,405,20,5,Home,West,0
CUST11476,83,133664.0332,338,5,9,Life,East,0
CUST11193,31,35850.2751,775,1,2,Life,East,1
CUST11354,22,35850.2751,735,28,2,Life,East,1
CUST10639,58,117222.0287,600,23,2,Home,North,0
CUST10107,56,189121.4214,500,35,6,Life,West,0
CUST10578,19,177230.5455,573,40,9,Home,North,0
CUST10834,51,218555.0529,619,20,0,Home,South,0
CUST10761,19,77444.02034,570,25,7,Life,North,0
CUST11352,35,155463.045,646,22,8,Auto,North,0
CUST11453,71,237669.2332,382,26,5,Health,East,0
CUST10612,31,35850.2751,625,1,3,Life,East,0
CUST10686,19,212617.6742,775,28,4,Life,West,1
CUST11262,19,58073.64439,696,40,0,Health,West,0
CUST11396,81,35850.2751,493,15,0,Home,West,0
CUST10700,19,100992.1895,762,40,7,Life,West,1
CUST10770,53,206515.8867,347,32,8,Life,North,0
CUST10676,63,140362.0354,605,12,5,Home,South,1
CUST10447,19,230516.3358,737,40,5,Health,West,1
CUST11290,59,108562.9416,667,19,0,Home,South,1
CUST11089,19,122221.6212,775,39,5,Life,South,1
CUST10082,83,35850.2751,403,5,3,Life,South,0
CUST10342,23,84998.01065,775,7,3,Life,South,1
CUST10812,51,137585.8736,637,4,2,Life,South,0
CUST10904,29,82262.37936,677,23,2,Home,East,0
CUST10023,37,75438.18173,626,21,1,Health,South,1
CUST11465,57,113353.0264,544,12,4,Life,West,0
CUST10161,60,163518.8963,579,21,5,Home,West,0
CUST10865,83,72543.00508,338,1,5,Health,West,0
CUST11055,83,35850.2751,338,13,5,Life,West,0
CUST10641,83,194202.9177,499,10,3,Health,North,0
CUST10185,57,151350.8741,440,16,8,Health,East,0
CUST10899,71,112904.1599,465,1,5,Life,East,0
CUST11391,59,123962.7581,439,24,2,Health,East,0
CUST10077,45,73832.43444,604,9,0,Auto,East,0
CUST11409,29,35850.2751,536,22,5,Health,North,0
CUST10380,71,166088.8559,536,18,2,Health,South,0
CUST10666,26,35850.2751,721,9,0,Auto,East,1
CUST10918,44,35850.2751,650,22,1,Life,South,0
CUST11090,19,35850.2751,732,8,2,Health,South,1
CUST10112,34,169026.5247,489,7,9,Auto,West,0
CUST10869,64,105916.3315,686,30,5,Health,North,0
CUST10729,64,237669.2332,487,27,2,Auto,West,0
CUST10691,65,121006.9255,540,19,9,Life,West,0
CUST11491,69,113141.2907,454,17,1,Auto,South,0
CUST10025,19,145661.7352,412,39,6,Life,North,0
CUST10937,83,149285.5079,505,12,2,Health,East,0
CUST11163,69,139238.2416,338,14,5,Health,East,0
CUST10436,31,129831.4389,526,23,7,Life,East,0
CUST10815,47,235000.5152,648,27,5,Life,East,0
CUST10363,60,161089.6138,370,38,5,Health,South,0
CUST11499,51,87140.90585,475,14,7,Life,South,0
CUST11145,62,216457.0775,519,26,4,Life,East,0
CUST11284,47,37843.38067,402,28,9,Auto,South,0
CUST10948,34,72067.46937,660,32,2,Home,West,1
CUST11319,57,188056.4969,688,28,2,Auto,North,0
CUST10673,19,94603.80049,576,37,7,Auto,North,0
CUST10444,52,73808.3674,560,22,6,Auto,South,0
CUST11385,39,104457.1243,732,21,5,Life,South,1
CUST11242,57,151808.0504,599,27,5,Auto,West,1
CUST10591,21,43444.36745,494,16,8,Life,South,0
CUST10651,67,138493.4706,542,23,3,Health,South,0
CUST10804,59,135637.53,603,18,7,Life,North,0
CUST10516,19,113508.308,464,37,9,Home,East,0
CUST10214,31,35850.2751,563,31,6,Life,South,0
CUST11051,83,67154.77175,408,9,8,Auto,North,0
CUST10103,83,111465.0132,398,8,5,Health,South,0
CUST10221,75,205699.0876,376,10,1,Health,East,0
CUST10745,40,140350.298,552,32,0,Life,North,0
CUST10796,19,106708.7764,720,19,1,Life,East,1
CUST10066,59,106505.5132,415,34,6,Health,West,0
CUST10824,83,171297.5135,384,27,8,Home,South,0
CUST10826,48,189390.2583,414,33,8,Health,South,0
CUST10900,19,71997.18681,547,13,4,Life,North,0
CUST10522,41,35850.2751,482,18,4,Life,North,0
CUST11082,26,151302.2261,665,33,5,Life,West,0
CUST10534,66,59086.3455,511,9,5,Auto,North,0
CUST10762,66,186053.595,455,30,6,Health,East,0
CUST11087,60,169277.224,646,14,3,Life,South,0
CUST10951,19,71187.68098,775,26,0,Life,East,1
CUST11471,19,40033.50854,746,1,1,Life,North,1
CUST11487,73,98386.29231,338,27,8,Home,South,0
CUST10888,28,59160.00323,672,28,2,Auto,South,0
CUST10699,34,123233.1967,440,26,8,Auto,East,0
CUST10432,32,77772.73292,775,11,1,Life,North,1
CUST10012,46,72187.11957,474,23,9,Auto,West,0
CUST11388,19,35850.2751,775,9,3,Life,South,1
CUST10148,67,214117.5655,535,23,2,Auto,South,0
CUST10998,36,102289.4521,642,20,7,Health,West,0
CUST10417,54,102389.7753,530,5,3,Life,East,0
CUST10439,19,47847.51822,727,14,2,Home,South,1
CUST10424,34,156066.2142,494,36,8,Life,West,0
CUST11264,19,35850.2751,764,29,9,Home,South,1
CUST11479,68,237669.2332,410,40,0,Life,North,0
CUST11125,19,129636.1054,597,29,2,Auto,South,1
CUST10790,29,49024.42446,505,36,5,Auto,East,0
CUST10569,57,155167.2827,517,32,9,Home,East,0
CUST11234,60,150983.9323,502,12,9,Life,South,0
CUST10515,55,204925.1276,548,34,1,Auto,North,0
CUST10861,35,158751.3684,752,25,1,Life,North,1
CUST11194,47,170676.8483,495,13,6,Life,West,0
CUST11302,21,188673.4946,656,36,0,Health,East,0
CUST10435,67,48153.06567,689,12,6,Auto,South,0
CUST10776,41,50392.66429,676,18,6,Life,North,1
CUST10642,44,35850.2751,419,14,7,Home,South,0
CUST10659,19,35850.2751,775,25,0,Auto,West,1
CUST10391,44,67808.99161,680,27,0,Health,North,0
CUST10393,42,229426.4276,674,28,1,Life,South,0
CUST11451,62,237669.2332,467,29,2,Health,West,0
CUST10504,82,41663.101,405,1,7,Life,North,0
CUST10564,36,237669.2332,550,33,8,Health,North,0
CUST11043,75,142130.9817,394,15,2,Home,South,0
CUST10370,41,35850.2751,727,9,7,Auto,East,1
CUST10430,19,95002.65561,711,24,1,Auto,East,1
CUST11258,54,152609.8213,338,32,7,Auto,South,0
CUST10563,42,148620.6645,484,34,1,Auto,West,0
CUST10733,31,99742.44913,561,21,8,Health,South,0
CUST10605,19,35850.2751,640,40,9,Health,West,0
CUST11132,35,46696.21202,478,40,8,Auto,West,0
CUST10174,56,66896.41327,686,10,0,Life,East,0
CUST11342,66,105161.4927,451,14,7,Auto,South,0
CUST11384,46,103807.3011,530,24,3,Auto,South,0
CUST10271,52,237669.2332,593,22,2,Life,North,0
CUST11091,36,122416.5663,621,29,7,Life,North,0
CUST10406,38,107620.3414,672,21,2,Home,South,1
CUST10152,82,177665.9826,338,18,9,Health,South,0
CUST11466,83,150422.0803,503,3,6,Life,North,0
CUST10897,19,144456.9499,696,40,3,Health,East,0
CUST10696,19,97790.17143,547,40,4,Life,South,0
CUST11357,36,85781.54487,533,33,2,Health,North,0
CUST10383,52,235800.6687,424,37,2,Home,South,0
CUST10859,74,146582.9458,391,20,5,Health,East,0
CUST10710,23,177023.7469,654,3,2,Health,North,0
CUST10740,70,126898.3899,558,5,4,Home,South,1
CUST11129,59,107842.2561,607,32,0,Life,South,0
CUST11468,38,35850.2751,461,32,9,Auto,West,0
CUST11362,48,74524.61857,535,20,2,Health,South,1
CUST10634,58,237669.2332,407,34,5,Life,West,0
CUST10054,44,203545.3962,551,40,5,Health,East,0
CUST11336,52,97717.17331,422,1,9,Health,South,0
CUST10959,52,171612.4961,775,8,3,Life,East,1
CUST10857,59,95000.79155,362,9,6,Health,North,0
CUST11010,58,35850.2751,499,11,5,Home,South,0
CUST10452,25,84821.49085,638,40,8,Home,East,0
CUST11187,60,160272.983,458,33,7,Auto,South,0
CUST11054,45,172292.9275,538,40,9,Life,West,0
CUST10026,69,160576.379,338,39,9,Home,North,0
CUST10661,77,193588.6005,475,24,4,Life,West,0
CUST10136,49,227384.527,540,27,0,Life,South,0
CUST10535,44,118905.2233,672,21,0,Life,West,0
CUST10791,42,111018.7968,464,24,5,Auto,South,0
CUST10829,20,144536.5672,565,18,4,Life,East,1
CUST11389,36,141136.0982,506,39,6,Auto,West,0
CUST10045,34,67130.24661,547,26,8,Auto,South,1
CUST11351,25,61890.40846,565,17,0,Auto,North,0
CUST10788,56,78958.4503,510,3,5,Health,West,0
CUST10381,19,54343.28531,768,17,4,Auto,East,1
CUST11418,19,119272.6128,638,26,2,Auto,East,0
CUST11370,74,168749.361,354,23,6,Home,South,0
CUST10755,42,159052.0178,392,30,9,Auto,North,0
CUST10036,27,35850.2751,496,25,6,Home,South,0
CUST10484,19,93238.71805,775,24,1,Health,East,1
CUST11070,39,103608.3028,461,40,7,Home,West,0
CUST11350,57,175455.2333,558,10,4,Auto,West,1
CUST10738,83,237669.2332,391,1,8,Home,East,0
CUST11178,62,143076.4632,574,10,9,Health,North,0
CUST11182,83,192393.2376,344,15,4,Auto,West,0
CUST11189,26,70627.94848,679,26,4,Life,East,0
CUST10170,30,146234.3227,720,39,8,Health,West,1
CUST10774,37,78811.27663,413,36,7,Home,South,0
CUST11020,43,104740.1573,548,22,6,Home,South,0
CUST10499,68,126548.2506,338,9,3,Auto,East,0
CUST10993,19,114346.1705,746,38,2,Life,East,1
CUST10230,24,171448.3167,501,19,2,Health,West,1
CUST11141,46,93349.80145,424,19,8,Auto,South,0
CUST10111,58,41792.39357,383,12,3,Life,South,0
CUST10113,70,108113.0715,614,19,3,Auto,North,0
CUST10492,54,210640.3079,657,23,6,Auto,North,0
CUST10318,38,108744.4938,580,27,7,Health,East,0
CUST10491,76,122472.2659,338,19,9,Auto,South,0
CUST10766,36,187394.9175,481,40,1,Life,North,0
CUST11013,67,225092.1717,442,31,5,Auto,West,0
CUST11086,83,145128.069,338,13,7,Home,West,0
CUST10546,19,35850.2751,775,40,0,Health,East,1
CUST10618,56,104169.0796,508,11,6,Life,North,0
CUST11006,64,150493.1847,502,35,0,Health,South,0
CUST10935,54,54966.92303,646,1,5,Auto,East,0
CUST11478,41,59481.75241,523,10,3,Auto,South,0
CUST10842,36,84366.05606,721,26,4,Auto,West,1
CUST10664,32,35850.2751,446,13,4,Health,South,0
CUST11327,83,75431.93029,338,3,9,Life,North,0
CUST10872,27,110389.4437,572,40,0,Home,North,0
CUST10477,61,76005.68683,449,17,7,Home,East,0
CUST10532,83,35850.2751,338,1,9,Home,South,0
CUST10576,20,116986.3455,627,18,1,Life,South,1
CUST11322,29,109105.2318,637,37,8,Life,North,0
CUST11267,25,35850.2751,724,21,4,Health,East,1
CUST10544,30,71740.38735,708,23,0,Home,South,1
CUST11450,56,89569.32624,557,8,3,Home,North,1
CUST10610,65,161730.7991,599,15,5,Home,South,0
CUST10353,56,89331.89253,392,22,7,Home,West,0
CUST10358,70,35850.2751,469,17,6,Life,South,0
CUST10821,83,207133.1195,429,7,7,Auto,East,0
CUST10131,39,186423.063,511,15,3,Health,North,0
CUST10270,31,174767.8506,448,22,3,Auto,West,0
CUST10817,19,75739.29772,609,36,1,Home,East,1
CUST11276,72,136071.5987,411,13,5,Home,North,0
CUST10885,54,35850.2751,647,9,0,Life,South,0
CUST10580,38,181305.6152,662,40,5,Health,East,1
CUST11446,55,68896.48478,441,29,3,Health,North,0
CUST11151,24,38823.93594,463,16,3,Home,North,0
CUST11058,63,122754.1898,432,10,7,Health,West,0
CUST10801,39,65095.44735,632,29,6,Health,South,0
CUST10087,45,91974.32151,447,27,9,Home,East,0
CUST10461,48,74918.03942,552,19,6,Home,South,1
CUST11076,27,46822.12632,498,8,5,Life,North,0
CUST11390,56,149138.978,500,5,5,Auto,North,0
CUST10816,32,43009.77279,626,21,3,Life,North,1
CUST11375,40,150045.7114,666,26,0,Auto,West,0
CUST10722,83,237669.2332,338,24,7,Auto,West,0
CUST11289,79,118321.5451,378,22,2,Home,North,0
CUST10114,21,44025.13085,704,26,3,Health,South,1
CUST10924,71,91716.93598,517,18,1,Life,West,0
CUST11072,83,164751.4697,350,25,5,Auto,North,0
CUST11021,47,73268.59391,613,21,5,Home,West,0
CUST11111,54,198507.5667,506,34,5,Life,West,1
CUST11074,52,164098.3053,426,18,9,Life,South,0
CUST11344,51,35850.2751,552,9,6,Auto,West,0
CUST11341,53,125196.3004,545,40,2,Life,West,1
CUST10227,34,83329.10446,375,33,5,Auto,North,0
CUST10929,19,35850.2751,775,22,3,Health,West,1
CUST11134,19,104560.287,666,22,4,Auto,South,0
CUST10004,43,165804.9455,500,33,9,Auto,East,1
CUST10551,46,191819.6411,566,31,5,Health,West,0
CUST10039,53,149469.5481,565,22,2,Life,South,0
CUST10498,32,100916.2197,515,33,6,Life,West,0
CUST10272,19,237669.2332,580,40,8,Home,South,0
CUST11328,78,63730.39635,443,9,8,Auto,South,0
CUST10172,23,188956.1702,577,36,0,Home,West,1
CUST11304,83,164973.5779,416,17,6,Auto,South,0
CUST11285,62,123792.2057,434,28,1,Home,West,0
CUST10223,76,148151.5553,338,30,9,Health,East,0
CUST11368,19,108887.6696,537,40,7,Auto,North,0
CUST10289,49,158581.1379,376,40,9,Health,North,0
CUST10595,19,35850.2751,724,15,2,Health,North,1
CUST10055,41,35850.2751,626,10,4,Life,East,0
CUST10723,45,237669.2332,472,31,9,Life,East,0
CUST10811,25,41209.03592,510,26,8,Health,West,0
CUST10377,83,188991.8309,585,3,4,Auto,East,1
CUST10895,31,35850.2751,484,35,9,Life,West,0
CUST10886,60,223681.6716,500,16,7,Health,North,0
CUST11080,53,35850.2751,473,26,9,Auto,East,0
CUST10713,33,184789.9615,656,19,1,Life,East,1
CUST10231,65,108936.9678,684,3,2,Home,East,0
CUST11477,21,152611.9193,671,40,1,Life,North,0
CUST10828,45,152488.2439,432,32,9,Health,East,0
CUST11022,31,218932.3112,627,40,8,Home,West,0
CUST10844,44,36361.24783,462,1,6,Home,East,0
CUST10590,27,194056.8965,632,28,4,Health,East,0
CUST10069,19,79233.85465,775,24,0,Auto,North,1
CUST10638,40,113160.4079,523,14,7,Life,West,0
CUST10681,57,192686.0048,517,36,7,Life,West,0
CUST10011,52,64660.40969,458,7,1,Home,East,0
CUST11028,66,119463.1525,382,20,2,Auto,West,0
CUST10074,19,73326.75543,714,29,2,Home,West,1
CUST11166,31,167200.6059,620,40,6,Home,North,0
CUST10571,32,191934.8667,775,21,5,Home,South,1
CUST10917,79,170935.1117,528,9,9,Home,East,0
CUST10206,19,149463.87,549,40,8,Home,West,0
CUST10051,19,135512.0268,653,38,7,Health,North,1
CUST10934,47,229499.0301,499,24,4,Home,South,0
CUST10624,83,233206.022,544,15,3,Home,South,1
CUST11124,30,116592.4673,730,24,6,Health,East,1
CUST10526,46,133532.7298,586,21,4,Life,West,1
CUST10166,37,171332.9796,537,15,1,Home,South,0
CUST11214,53,159115.744,775,35,4,Life,East,1
CUST11025,24,99323.65574,545,33,4,Home,South,0
CUST10795,77,35850.2751,396,1,3,Life,West,0
CUST10191,19,130007.0359,664,40,1,Auto,East,1
CUST10856,50,138041.7799,456,32,2,Life,South,0
CUST10655,44,74951.25734,682,30,3,Home,North,0
CUST10539,74,224692.5403,420,22,8,Health,North,0
CUST11153,67,237669.2332,419,33,5,Home,West,0
CUST10973,28,113332.9083,542,35,7,Home,East,0
CUST11176,30,231974.4848,709,40,0,Health,East,1
CUST10556,19,87465.69357,650,26,4,Home,West,0
CUST10711,19,35850.2751,775,14,1,Health,South,1
CUST11298,26,108912.9054,559,24,7,Auto,West,0
CUST10520,19,144263.8673,775,25,2,Home,North,1
CUST10409,32,66219.43259,509,40,7,Life,West,0
CUST11445,43,79085.95147,709,30,2,Home,West,1
CUST10927,35,160359.3508,584,40,7,Life,East,1
CUST10505,64,112654.9634,596,13,6,Health,East,0
CUST10674,33,105908.7401,538,40,0,Home,North,0
CUST11223,83,237669.2332,338,12,5,Home,East,0
CUST10799,42,97773.25829,676,19,3,Life,West,0
CUST10906,31,69946.21293,555,1,7,Auto,East,1
CUST10705,19,35850.2751,674,14,3,Health,South,0
CUST10213,47,98524.35152,430,5,8,Home,North,0
CUST10060,19,61732.03704,733,25,6,Home,West,1
CUST10989,24,190544.5717,775,21,3,Auto,West,1
CUST11188,26,35850.2751,556,32,9,Health,North,0
CUST10716,57,35850.2751,392,40,5,Health,North,0
CUST10420,73,122298.9623,384,40,7,Life,North,0
CUST10712,56,197833.0346,595,25,2,Home,South,0
CUST10860,19,35850.2751,529,26,9,Home,North,1
CUST11092,31,178222.877,430,37,2,Auto,South,0
CUST10589,39,39562.8102,703,2,4,Health,East,1
CUST10877,74,73737.07422,552,14,0,Health,South,0
CUST11271,55,73129.3688,597,25,8,Auto,East,0
CUST11473,19,137836.9624,667,31,4,Auto,West,0
CUST11458,64,35850.2751,376,2,5,Health,East,0
CUST11386,83,228111.8784,458,7,3,Life,East,0
CUST10858,64,165339.0285,475,17,8,Health,West,0
CUST10581,67,169723.1679,422,28,6,Health,East,0
CUST10306,19,143793.1467,688,26,9,Auto,East,0
CUST11027,55,187063.2581,360,24,4,Auto,East,0
CUST10403,19,142830.588,732,40,3,Life,North,1
CUST10313,60,131777.853,489,19,5,Life,South,0
CUST10649,39,160567.1503,491,17,4,Auto,East,0
CUST10909,57,101582.1153,462,27,6,Home,North,0
CUST11103,34,85147.56848,557,39,4,Health,West,0
CUST10814,30,47683.91466,599,27,4,Home,North,1
CUST11121,31,128687.4178,744,18,0,Health,South,1
CUST11219,43,103570.8472,621,25,6,Home,North,0
CUST10512,40,224953.9434,564,40,7,Auto,West,1
CUST11158,33,83944.51743,521,21,4,Auto,West,1
CUST11114,59,101286.2059,469,3,7,Life,West,0
CUST10018,26,124074.5917,553,33,2,Life,South,0
CUST11401,60,211584.6667,438,27,3,Health,East,0
CUST11364,83,192846.3987,338,12,0,Life,North,0
CUST10310,41,80098.49128,397,25,9,Auto,East,0
CUST11314,20,80375.09762,568,28,2,Auto,East,1
CUST10936,66,41290.38818,422,1,6,Health,West,0
CUST11463,23,35850.2751,643,16,5,Health,East,0
CUST11123,56,35850.2751,534,17,7,Auto,South,0
CUST10339,54,102063.7122,371,40,6,Home,North,0
CUST10611,29,118800.0277,533,38,3,Auto,North,1
CUST10823,27,180749.4706,643,26,4,Home,South,1
CUST10510,39,78435.06199,590,13,2,Auto,East,0
CUST10720,70,141170.8231,383,6,4,Health,South,0
CUST10459,28,89918.2945,615,36,9,Auto,North,0
CUST11247,51,116334.9706,378,23,8,Life,East,0
CUST10862,19,36738.32316,561,33,5,Home,West,0
CUST11108,40,220472.3401,451,40,4,Health,East,0
CUST10262,19,81856.58274,645,40,0,Auto,East,1
CUST10079,34,107342.1669,553,26,1,Home,West,0
CUST11459,19,35850.2751,775,23,5,Home,North,1
CUST10469,83,237110.9503,438,40,3,Life,West,0
CUST10005,19,35850.2751,660,27,6,Auto,West,0
CUST10222,37,87220.76764,531,16,5,Home,North,0
CUST11381,64,84951.60675,558,2,5,Auto,North,0
CUST10255,66,194184.5448,393,26,9,Auto,North,0
CUST10558,81,35850.2751,496,9,5,Auto,South,0
CUST10178,66,214819.66,775,22,1,Life,West,1
CUST10480,31,35850.2751,607,25,8,Life,East,0
CUST10602,40,194187.0292,646,40,1,Health,South,1
CUST11361,60,124201.0955,558,1,5,Health,South,0
CUST11012,44,41345.05061,646,4,6,Life,West,0
CUST10582,19,49832.46371,541,25,7,Home,East,1
CUST10547,27,167735.1364,683,9,2,Life,East,0
CUST10763,35,41160.66031,351,33,8,Health,West,0
CUST10472,45,156688.7339,584,21,3,Home,West,0
CUST11436,19,136151.4513,432,27,9,Health,North,0
CUST11154,26,198099.7741,775,24,6,Health,West,1
CUST10196,28,180214.8545,516,29,3,Life,East,0
CUST11482,44,76344.98207,596,17,3,Auto,North,0
CUST10506,58,46715.72475,610,12,6,Home,West,0
CUST11191,72,206938.3644,361,17,6,Auto,South,0
CUST10351,71,80035.03447,338,10,6,Health,West,0
CUST10623,57,139472.5376,577,17,4,Home,East,1
CUST11395,52,72003.80555,495,7,0,Life,East,0
CUST10269,41,237669.2332,574,40,0,Home,North,0
CUST10728,40,202020.2085,485,36,6,Home,South,0
CUST10665,83,116324.9121,381,7,7,Health,West,0
CUST11075,53,99805.46812,532,20,3,Life,East,0
CUST11269,29,35850.2751,679,3,9,Home,North,0
CUST11097,67,219221.4504,492,31,2,Home,South,0
CUST10682,48,111617.1027,436,19,5,Auto,West,0
CUST10404,39,187594.8075,449,40,8,Health,South,0
CUST11421,37,190822.8575,656,26,6,Health,West,0
CUST10695,24,35850.2751,448,1,7,Home,South,0
CUST10694,83,166374.7113,338,36,3,Home,East,0
CUST10035,22,94181.90142,661,16,9,Life,North,0
CUST10167,40,35850.2751,593,23,4,Home,South,1
CUST10749,37,35850.2751,584,40,8,Health,South,0
CUST10466,48,186176.7291,490,40,3,Home,North,0
CUST10764,49,97614.57418,564,14,2,Life,North,0
CUST10235,34,159993.6745,700,20,7,Life,West,0
CUST10395,22,150410.8744,486,36,5,Auto,North,0
CUST11060,45,114068.0501,527,14,3,Life,West,1
CUST11379,76,135376.5542,580,5,2,Life,North,0
CUST11433,19,77354.90013,538,32,2,Health,North,0
CUST11165,19,156461.9103,715,27,0,Health,West,1
CUST10737,56,104683.6523,580,30,9,Auto,North,1
CUST10802,19,71978.42646,676,27,7,Life,East,1
CUST10600,19,85287.52885,775,3,6,Health,North,1
CUST10053,33,35850.2751,654,28,1,Life,South,0
CUST10042,30,115298.2714,672,40,5,Home,West,1
CUST11039,21,35850.2751,599,16,0,Health,North,0
CUST11311,48,237669.2332,390,40,8,Health,East,0
CUST10912,19,76793.89545,734,40,3,Life,South,1
CUST10177,26,120611.5837,524,26,1,Auto,South,1
CUST11405,53,200124.2085,574,15,1,Life,South,0
CUST10024,19,65760.81539,424,26,9,Health,North,0
CUST10096,31,123375.8653,559,20,3,Life,East,0
CUST10818,19,83152.25616,729,16,4,Home,North,1
CUST10201,56,192329.8514,474,40,5,Life,East,0
CUST10321,32,86820.93132,775,12,1,Health,West,1
CUST10915,19,79725.6309,663,31,7,Home,West,0
CUST11119,19,44546.62039,775,16,2,Life,East,1
CUST11240,35,35850.2751,770,29,6,Life,North,1
CUST10117,63,119599.9417,338,32,9,Home,South,0
CUST10692,57,168087.2199,451,35,4,Life,North,0
CUST11221,20,35850.2751,639,17,7,Home,West,1
CUST10950,21,35850.2751,473,24,3,Home,South,0
CUST10355,39,166894.574,424,19,9,Auto,South,0
CUST10625,74,175134.7619,501,22,3,Health,North,0
CUST10473,27,60271.46195,775,12,7,Home,South,1
CUST10102,19,159939.0708,507,40,9,Home,West,1
CUST10968,52,152294.5243,438,8,2,Home,West,0
CUST10440,78,56621.78372,535,24,5,Health,West,1
CUST11150,47,182865.7012,451,15,2,Health,West,0
CUST10208,66,94841.99105,389,26,5,Life,South,0
CUST10295,83,87695.03032,414,17,2,Auto,West,0
CUST10942,83,87751.97121,338,14,9,Auto,South,0
CUST10376,60,187713.7891,338,20,6,Health,East,0
CUST10688,50,137061.4812,570,18,5,Auto,East,0
CUST10284,62,35850.2751,500,1,7,Life,East,0
CUST10533,74,156833.4657,398,33,9,Life,West,0
CUST10725,74,135590.8446,421,2,8,Home,West,0
CUST10183,29,134050.7919,640,23,8,Home,West,1
CUST11122,39,67797.87765,503,14,6,Auto,East,0
CUST10478,47,35850.2751,494,17,1,Health,South,0
CUST11335,73,156846.4092,473,7,8,Home,North,0
CUST10831,47,109392.8002,380,25,1,Home,South,0
CUST11425,38,145849.5084,453,40,6,Life,North,0
CUST10613,53,165359.6638,410,26,4,Auto,South,0
CUST10326,37,35850.2751,579,10,4,Home,North,0
CUST11367,22,100952.0495,763,19,6,Life,South,1
CUST11096,19,152554.2902,670,40,4,Home,North,1
CUST10233,47,35850.2751,460,21,5,Auto,East,0
CUST10528,19,62104.28569,582,23,7,Life,South,0
CUST10234,83,62696.58076,338,12,3,Auto,North,0
CUST10987,55,112824.9049,442,38,9,Health,South,0
CUST10127,66,146356.9058,453,8,8,Health,South,0
CUST11493,46,35850.2751,491,35,4,Health,West,0
CUST11277,57,219813.3823,561,17,7,Home,West,0
CUST10643,73,205925.2959,578,20,3,Life,North,0
CUST10209,45,136362.7541,606,19,3,Home,South,1
CUST10675,37,35850.2751,775,12,2,Auto,East,1
CUST11098,81,137964.9073,338,9,5,Life,West,0
CUST10647,58,66293.59456,580,16,5,Life,North,0
CUST10702,42,73663.62253,552,33,3,Auto,East,1
CUST10065,24,35850.2751,750,30,5,Health,West,1
CUST11415,68,170277.2404,349,30,1,Auto,North,0
CUST10482,31,42778.65922,515,18,2,Health,East,1
CUST11475,22,107959.6319,763,9,1,Health,West,1
CUST10822,42,132130.2491,521,31,6,Life,West,0
CUST11457,64,90153.99666,395,33,6,Life,East,0
CUST10415,38,77191.89093,705,35,5,Auto,West,1
CUST10266,35,237669.2332,547,40,1,Life,West,0
CUST10237,52,113868.3667,662,35,4,Auto,South,0
CUST11266,21,151487.5061,573,36,5,Home,West,0
CUST10124,19,147534.0267,775,17,4,Home,East,1
CUST10398,26,106950.0216,442,27,6,Health,South,0
CUST11484,56,237669.2332,528,17,1,Auto,West,1
CUST10868,37,106849.8299,721,16,3,Life,East,1
CUST10549,76,160330.5306,448,32,8,Life,South,0
CUST11441,50,99390.31359,487,18,2,Life,West,0
CUST10588,38,121205.8918,524,22,1,Auto,West,0
CUST10658,83,144607.8221,534,1,3,Home,East,1
CUST10780,62,81209.1592,388,9,8,Auto,West,0
CUST10086,50,51921.63641,745,40,0,Home,East,1
CUST10555,47,195496.6709,490,23,4,Life,South,0
CUST10864,19,81034.73835,686,23,6,Home,East,0
CUST11127,76,88486.63114,395,16,6,Auto,East,0
CUST11106,19,133798.053,697,34,8,Health,North,0
CUST11416,51,198761.1868,506,17,1,Home,East,0
CUST10985,53,100834.0019,440,29,8,Auto,North,0
CUST11201,19,131687.6064,538,13,3,Life,South,0
CUST11294,71,43325.03982,338,10,9,Auto,West,0
CUST10955,62,91374.59822,530,23,4,Home,North,1
CUST10296,83,203146.6523,338,29,5,Life,North,0
CUST10938,83,54035.58296,338,1,6,Home,North,0
CUST10995,62,222867.622,440,31,9,Auto,East,0
CUST11029,30,177907.0703,534,19,4,Home,West,0
CUST10187,53,203266.1291,489,22,6,Life,South,0
CUST11422,52,137601.9835,705,32,3,Home,North,1
CUST10583,58,189170.7846,574,25,2,Home,East,0
CUST11094,19,35850.2751,608,19,1,Auto,South,0
CUST10554,39,63627.25596,527,8,3,Health,North,0
CUST10881,19,35850.2751,660,25,6,Auto,North,1
CUST10734,45,72697.00048,646,1,3,Health,West,1
CUST10246,36,111229.6737,567,40,5,Life,East,0
CUST10756,83,81344.77814,338,1,6,Auto,East,0
CUST11283,23,169350.7079,608,23,5,Auto,East,1
CUST10863,19,35850.2751,671,4,7,Auto,East,0
CUST11232,81,171724.151,351,21,4,Auto,West,0
CUST10371,34,129984.528,478,28,6,Auto,South,0
CUST10044,53,116723.4451,640,12,1,Life,South,0
CUST10467,19,35850.2751,581,36,8,Home,South,0
CUST10138,41,35850.2751,561,19,6,Health,East,0
CUST10997,48,107701.176,403,30,2,Health,South,0
CUST10538,50,175437.9479,494,36,4,Auto,North,0
CUST10232,33,106044.5835,557,17,4,Home,East,0
CUST10884,42,142338.3611,623,8,6,Auto,North,0
CUST11382,19,145537.5611,703,40,0,Home,South,1
CUST11207,56,154694.0552,514,18,6,Home,South,1
CUST11467,83,190681.5982,338,9,4,Life,North,0
CUST10179,60,203298.6956,374,20,4,Health,East,0
CUST11286,83,170006.2136,338,15,7,Life,West,0
CUST10184,31,35850.2751,451,40,3,Home,South,0
CUST11494,83,122827.9957,445,27,2,Life,South,0
CUST10592,35,188532.9201,599,31,1,Home,North,0
CUST10902,48,57534.85377,616,5,3,Health,West,1
CUST10095,23,114325.275,681,31,2,Auto,North,0
CUST11146,43,132030.8045,464,9,7,Life,West,0
CUST10408,54,147761.7329,608,35,6,Health,West,0
CUST11434,83,101421.0759,442,16,2,Health,West,0
CUST10820,41,191896.0354,342,40,7,Auto,North,0
CUST10341,40,70288.78485,523,23,5,Life,South,0
CUST11202,59,124744.7531,693,3,3,Auto,South,0
CUST11147,57,65133.61575,553,33,3,Auto,West,0
CUST10252,37,116438.9086,481,40,6,Auto,North,0
CUST10267,45,35850.2751,450,6,9,Life,West,0
CUST10873,83,196904.1581,432,23,6,Life,West,0
CUST11288,41,99149.26755,566,22,6,Health,South,0
CUST10698,38,44507.61749,558,16,2,Life,South,0
CUST10320,55,56295.21971,635,16,8,Life,West,0
CUST11149,47,237669.2332,665,32,5,Health,North,0
CUST10328,56,53031.01304,527,6,3,Auto,South,0
CUST11255,67,124263.2542,495,3,3,Life,West,0
CUST11116,65,48859.08634,510,8,6,Home,West,0
CUST11144,63,218914.01,486,37,5,Life,South,0
CUST10192,19,150821.2079,725,39,1,Home,South,1
CUST10876,64,229228.5345,524,39,7,Home,South,1
CUST10853,82,181583.1234,338,27,7,Home,South,0
CUST10463,83,96061.14959,548,29,7,Home,North,1
CUST10793,19,58240.31204,692,28,5,Home,West,0
CUST10794,23,103877.7792,660,30,2,Health,North,1
CUST10071,52,174751.0226,567,40,5,Home,North,0
CUST11309,52,141428.1247,509,24,3,Home,East,0
CUST10089,73,219396.7428,559,37,4,Auto,South,0
CUST10300,19,100643.5035,750,40,0,Life,South,1
CUST10619,53,137968.5844,640,15,4,Health,South,0
CUST10037,19,157317.791,775,40,3,Home,East,1
CUST10923,54,132032.5846,625,14,0,Home,North,1
CUST11387,53,133706.6337,603,34,2,Home,South,0
CUST10490,57,109092.3652,349,7,7,Home,South,0
CUST11316,43,207129.2176,494,31,5,Health,East,0
CUST11238,32,52611.01288,674,25,0,Home,North,1
CUST11192,54,237669.2332,537,20,2,Auto,North,0
CUST10693,40,172179.596,638,33,4,Life,East,0
CUST11017,33,195704.9721,610,28,0,Health,West,0
CUST10457,19,90206.87702,684,21,1,Home,South,0
CUST10294,83,68227.17605,338,27,9,Auto,South,0
CUST11048,83,199261.8203,369,16,0,Health,North,0
CUST10032,38,35850.2751,552,20,8,Life,South,0
CUST10980,25,99834.63863,557,28,6,Home,North,0
CUST10952,29,98823.71566,586,23,4,Health,West,0
CUST10047,19,45708.2825,666,18,5,Auto,East,0
CUST11225,74,77608.85593,537,23,2,Health,West,0
CUST10273,83,56122.42107,338,1,9,Auto,North,0
CUST11454,77,211716.7326,351,28,6,Home,South,0
CUST10475,74,199837.1802,617,6,2,Auto,East,0
CUST10276,72,138312.9238,694,1,5,Life,East,0
CUST10787,56,104078.4258,383,17,9,Health,West,0
CUST10014,37,105120.8594,507,20,4,Life,East,0
CUST10203,73,58897.27051,467,1,2,Health,North,0
CUST11204,63,58227.49402,506,2,7,Auto,East,1
CUST10041,53,163593.1097,338,27,5,Home,West,0
CUST10291,57,155904.2791,338,35,9,Life,West,0
CUST10798,44,121064.1285,690,16,5,Health,North,0
CUST10279,83,219998.2473,360,32,4,Auto,North,0
CUST10965,54,201584.0781,403,40,5,Life,East,0
CUST11293,48,162017.9364,564,35,7,Auto,East,0
CUST10783,67,213036.2729,380,30,6,Life,West,0
CUST11104,83,134604.5293,436,13,5,Auto,East,0
CUST10972,65,143329.4639,506,22,0,Life,East,1
CUST10335,54,145073.0747,530,24,4,Home,South,0
CUST10781,40,135694.0003,519,35,9,Auto,North,1
CUST10758,83,134679.9062,400,27,5,Life,South,0
CUST10975,37,65108.76316,658,13,3,Home,South,0
CUST11443,48,149249.4292,642,7,0,Life,West,0
CUST11078,51,132989.2882,447,39,5,Auto,West,0