customer_id,age,policy_type,annual_premium,claims_last_year,total_claims_value,years_as_customer
CUST-11011,64,Home,882.7877581359439,2,1404.5402230816453,17
CUST-11156,46,Health,384.6540283622397,1,863.5727096567246,5
CUST-10851,60,Health,311.0698555784933,2,1102.2491057263014,18
CUST-10705,54,Life,368.67115357923154,1,995.3621358312045,16
CUST-10214,74,Health,150.0,3,2464.4746310543446,29
CUST-10177,41,Health,1063.0696749355493,0,0.0,3
CUST-11380,49,Life,899.2537700124172,0,0.0,15
CUST-11315,31,Auto,789.8023284041279,2,1023.219217627202,0
CUST-10690,44,Health,735.9853635224044,0,0.0,8
CUST-10688,25,Health,475.43277535977916,0,0.0,0
CUST-11366,21,Home,941.1534584992232,2,1759.7834074332436,0
CUST-10349,42,Life,424.87671776794906,0,0.0,11
CUST-10374,21,Life,427.5477809625386,1,145.2059171010278,0
CUST-10193,60,Auto,1087.6431330231842,1,587.7336116443827,18
CUST-11044,24,Life,802.7843154819478,0,0.0,0
CUST-10619,43,Health,753.5947198036621,1,785.7873400913677,2
CUST-10620,44,Life,203.53758848003253,1,755.9010827160873,10
CUST-11088,24,Health,371.23436699224897,0,0.0,0
CUST-10125,28,Home,150.0,3,1762.5552075699002,0
CUST-10829,42,Auto,188.55140875950644,1,1235.3379896216331,14
CUST-10968,72,Life,188.79457023797715,0,0.0,20
CUST-10473,72,Home,264.36849362339603,0,0.0,24
CUST-11407,23,Home,329.63594768294996,0,0.0,0
CUST-11422,64,Health,1200.0,1,1369.1107172981522,21
CUST-10905,63,Auto,1139.0105015612262,0,0.0,20
CUST-11219,79,Home,672.4583311882029,0,0.0,28
CUST-11312,29,Travel,150.0,1,0.0,2
CUST-10397,50,Home,692.2393533473744,0,0.0,8
CUST-10998,43,Life,1019.9460030995672,1,1306.3466775907664,7
CUST-11256,26,Travel,383.4352074467279,0,0.0,0
CUST-11200,80,Home,886.0728303137374,2,2506.7042674621516,35
CUST-10282,58,Home,984.0331798992495,1,498.91732916605883,19
CUST-10742,25,Travel,516.9632953094678,0,0.0,2
CUST-10743,44,Home,1200.0,0,0.0,10
CUST-10997,62,Health,924.5077085391233,2,2089.931420790547,21
CUST-10300,21,Life,302.95735074096757,0,0.0,0
CUST-10243,44,Life,470.50603141229976,2,1428.4177678244896,12
CUST-10879,62,Home,647.7218347076442,1,1641.6864337818292,23
CUST-11302,54,Health,968.5961339219925,0,0.0,11
CUST-10369,51,Travel,279.21282350540145,0,0.0,19
CUST-10386,40,Health,418.8836384810304,1,747.2643551405738,2
CUST-11276,71,Life,150.0,0,0.0,25
CUST-10685,62,Home,429.72867089480815,1,1043.4578947765137,20
CUST-11465,45,Home,1102.2390476484998,2,1846.7755857771137,6
CUST-10793,72,Home,708.8150816418535,2,836.0935876551509,25
CUST-10339,52,Travel,677.2809360121487,0,0.0,10
CUST-10878,49,Health,522.2109793652282,1,1004.2683663646071,17
CUST-11237,43,Home,988.3552040828293,1,1100.7983388123394,12
CUST-10067,66,Auto,997.6427274291834,1,969.0197008601156,22
CUST-10772,47,Life,479.8318419963608,1,845.7807700444627,14
CUST-11063,60,Life,169.3945759059145,2,1370.425162336863,14
CUST-11441,50,Health,582.9421314676376,1,302.93464019237683,13
CUST-11208,48,Life,766.6893817564516,0,0.0,15
CUST-10746,21,Health,419.5973015682248,0,0.0,0
CUST-10794,47,Life,1159.7846488348355,0,0.0,12
CUST-10573,51,Home,406.280651457605,1,847.2342450867634,16
CUST-10892,28,Auto,752.9748568160085,1,0.0,0
CUST-10100,38,Home,508.4125293572637,1,838.3624427985378,7
CUST-11188,21,Life,933.0698821158551,1,866.518518775825,0
CUST-10425,40,Life,150.0,2,1835.0075211271874,10
CUST-11410,36,Auto,1137.4130085073753,0,0.0,4
CUST-10516,50,Health,412.2788450102661,1,744.3180780265599,12
CUST-10679,38,Life,756.621660860067,0,0.0,14
CUST-10091,60,Travel,188.69585815747303,1,898.9544060474244,19
CUST-11415,58,Health,701.7450657326598,1,819.2259551060729,15
CUST-10867,42,Life,923.5865949644476,1,855.9441286051733,9
CUST-10419,79,Health,609.0371508414337,2,2067.5892895650604,21
CUST-10210,50,Home,807.3423808243116,1,204.15998166490903,11
CUST-10781,31,Health,619.3065786216816,2,2017.049300841876,1
CUST-10344,42,Life,504.4378102537301,1,344.29913479429615,13
CUST-10859,57,Travel,150.0,0,0.0,14
CUST-10065,55,Life,960.4544424316477,2,2573.1643085077167,18
CUST-10563,80,Health,1128.2756648022607,2,2221.682573529653,35
CUST-10110,50,Life,150.0,2,2053.287809306394,15
CUST-11253,57,Travel,150.0,0,0.0,15
CUST-10285,48,Life,423.0530693870891,1,856.4349252860993,9
CUST-10658,56,Life,675.0808876469896,0,0.0,23
CUST-10292,33,Auto,1200.0,0,0.0,0
CUST-10273,47,Health,544.3600000381086,0,0.0,7
CUST-11375,49,Home,409.3903518775881,1,1079.5249675434534,7
CUST-10776,32,Travel,150.0,0,0.0,3
CUST-10061,65,Travel,150.0,2,1055.343542211511,20
CUST-10404,57,Travel,371.89904863818526,2,1359.698651741297,15
CUST-10989,68,Health,969.9611564808764,1,623.643605936048,21
CUST-10898,22,Auto,1200.0,0,0.0,0
CUST-10592,22,Home,1200.0,0,0.0,0
CUST-10943,61,Home,776.5368952365079,0,0.0,17
CUST-11337,22,Health,570.9916324405934,1,289.5269030273995,0
CUST-10599,53,Travel,150.0,0,0.0,12
CUST-11201,73,Life,662.2540972978629,1,1321.8535739786414,25
CUST-11082,79,Travel,275.2203901668639,2,819.4758489882433,25
CUST-11008,53,Auto,830.5406053785092,1,304.84085480747973,12
CUST-11385,51,Auto,867.3723731755739,1,530.5791160117891,13
CUST-11131,64,Home,987.8087192434825,0,0.0,17
CUST-10922,44,Life,681.5692184365384,0,0.0,13
CUST-11365,46,Auto,1109.0565841153605,1,916.3123805608071,13
CUST-10039,26,Health,390.40478959367124,1,403.07620063139996,0
CUST-10253,68,Travel,150.0,1,494.9033872072064,29
CUST-11031,23,Life,546.9871155190432,0,0.0,0
CUST-11477,77,Life,447.2946631576275,0,0.0,21
CUST-11261,21,Auto,803.7647696852856,0,0.0,0
CUST-10395,38,Health,793.9726922090792,0,0.0,5
CUST-10618,21,Auto,783.8660546900952,2,1803.7240374985977,0
CUST-10447,63,Travel,835.8287239020734,1,1882.0569334845302,16
CUST-10538,45,Travel,150.0,0,0.0,7
CUST-11286,72,Home,642.5764960344392,0,0.0,27
CUST-10561,42,Health,395.5725884815042,0,0.0,7
CUST-10877,32,Life,560.2509870382203,0,0.0,0
CUST-10005,30,Auto,532.8761166604326,2,1369.7406826276124,3
CUST-10249,61,Travel,150.0,2,1981.175999160516,19
CUST-10848,32,Travel,616.9248740315758,0,0.0,0
CUST-10207,69,Home,684.4319617842598,2,1431.4375589795457,24
CUST-10826,45,Health,447.3169651748181,2,1022.8408010074843,11
CUST-10213,24,Health,305.94679597302314,0,0.0,0
CUST-11240,51,Health,990.9549952349304,1,517.4000460260871,11
CUST-11175,71,Health,759.3168330086557,0,0.0,24
CUST-11186,64,Auto,569.6192364432225,1,1022.6723859513231,22
CUST-10299,39,Health,1162.9336823621602,0,0.0,9
CUST-10456,40,Health,657.078326087584,2,2029.000748033069,8
CUST-11268,75,Travel,150.0,2,1203.4766779557608,29
CUST-10816,44,Health,858.9392162079205,1,990.9249557692376,11
CUST-10346,25,Auto,833.2004673261424,2,1275.8783774741007,0
CUST-11289,38,Travel,418.73872261909423,1,856.1372328288917,7
CUST-11361,55,Home,271.5590164563458,3,2940.7298055523706,18
CUST-10055,38,Auto,1031.8966197295301,0,0.0,4
CUST-10810,49,Travel,681.913069285586,0,0.0,12
CUST-10548,77,Health,405.49239042303054,1,1292.9213310062999,34
CUST-10155,24,Home,1031.4733270097854,0,0.0,0
CUST-11230,47,Health,172.7260605396517,0,0.0,11
CUST-10820,49,Auto,1156.9360411017574,2,1807.737670783569,11
CUST-11462,31,Home,1200.0,1,974.7065617149768,0
CUST-11061,21,Auto,900.3791782066758,1,675.1005425386728,0
CUST-10131,59,Life,527.0864238379743,1,1264.7050466493529,20
CUST-10840,32,Home,415.2440973899603,1,377.5312384102775,0
CUST-10014,40,Travel,150.0,0,0.0,12
CUST-10728,72,Life,876.9485299167962,2,1684.346023058295,26
CUST-10825,80,Life,917.4701615070978,1,1293.4386651158518,33
CUST-10551,65,Auto,1104.5191773172521,1,823.5005286571957,23
CUST-11411,43,Life,479.68923163335717,0,0.0,7
CUST-10595,64,Travel,726.7883787035692,1,1477.1676237712068,17
CUST-10699,68,Health,150.0,0,0.0,24
CUST-11001,60,Travel,150.0,1,961.8021771715646,20
CUST-10656,21,Life,731.9667326385882,2,1803.6161609546336,0
CUST-11136,51,Auto,650.6672460094496,1,275.3774077415101,11
CUST-11445,56,Travel,431.8576318650054,0,0.0,15
CUST-10489,55,Travel,242.11461339649088,0,0.0,15
CUST-10715,52,Travel,788.0864949257993,0,0.0,14
CUST-11483,72,Home,823.2579392485068,2,1980.8699177194253,24
CUST-11311,53,Health,492.12428295902487,1,1400.347610964804,12
CUST-10549,51,Travel,150.0,1,0.0,13
CUST-11228,69,Life,783.0520991257695,2,1575.7077023955312,22
CUST-10263,45,Health,806.6028007927604,0,0.0,9
CUST-10033,52,Life,845.734234980361,0,0.0,14
CUST-11227,70,Life,771.3843231253446,0,0.0,24
CUST-10960,50,Health,483.1019237531765,2,1802.6584094231935,11
CUST-10890,38,Home,862.6984423150873,2,1990.4098913664618,5
CUST-10965,36,Life,150.0,1,306.1337246405595,4
CUST-11406,41,Health,353.72178276255767,0,0.0,6
CUST-10638,21,Health,511.8173267162896,0,0.0,0
CUST-11105,25,Auto,530.6200334089381,0,0.0,1
CUST-10201,34,Home,544.4908810506456,2,1267.5648850130124,1
CUST-10540,36,Home,628.8064790663437,2,1558.395763867164,4
CUST-10436,63,Travel,630.9220970185878,1,831.6754017817766,19
CUST-10267,80,Travel,150.0,0,0.0,31
CUST-10687,48,Auto,740.6880649775784,1,790.806621638381,10
CUST-10745,46,Home,523.9908607789723,1,1072.1679678945657,12
CUST-10312,50,Auto,1200.0,1,1130.7002999523895,13
CUST-10041,46,Health,659.4880596686501,1,880.3086418212197,13
CUST-10430,80,Travel,972.1014467256091,0,0.0,35
CUST-11430,56,Home,1135.0271508972953,1,916.4168346430712,18
CUST-11452,70,Health,739.7356077354493,2,1735.389673644083,26
CUST-10522,21,Health,522.208662782863,0,0.0,0
CUST-11442,34,Health,517.79143602006,1,972.6585932807898,4
CUST-10393,61,Health,774.3079966700789,1,744.5358102202522,19
CUST-10015,55,Travel,265.69131927082907,0,0.0,17
CUST-11236,42,Travel,1088.536975475597,0,0.0,7
CUST-10940,58,Health,150.0,1,0.0,10
CUST-11487,75,Life,689.7925856434808,1,1423.7906535641473,26
CUST-10232,42,Travel,605.1073782079135,0,0.0,8
CUST-10248,51,Auto,566.0950123473807,1,1139.206130964259,16
CUST-10843,72,Travel,437.0994082382963,1,685.9645915734853,22
CUST-10206,39,Auto,1200.0,1,1196.4704582409627,10
CUST-10382,36,Auto,501.19210468460795,1,979.2732087041485,8
CUST-11329,51,Health,150.0,2,1231.2986206745188,10
CUST-11450,43,Home,1097.6081730764295,1,447.67399552833376,5
CUST-10096,21,Health,1110.1029376427568,1,340.0447538694143,0
CUST-11161,56,Life,777.3374452960194,1,298.9851714194459,14
CUST-11231,66,Life,150.0,0,0.0,18
CUST-10103,76,Travel,150.0,1,1318.8289853729048,27
CUST-10226,32,Auto,928.2320232453799,2,1184.205705222776,2
CUST-10104,60,Life,190.2388747344462,1,14.260079412689947,17
CUST-10993,26,Life,150.0,1,689.3839125589753,3
CUST-11425,43,Travel,981.9656529306487,0,0.0,8
CUST-10974,55,Life,150.0,0,0.0,13
CUST-11464,52,Health,802.5074437247858,0,0.0,14
CUST-11013,62,Health,633.6751276749671,1,1318.772515159224,21
CUST-11224,41,Health,548.0674900226769,1,994.8054564785199,9
CUST-10188,50,Travel,150.0,1,753.4289162937785,10
CUST-10761,51,Life,1042.9652242561199,1,695.0506206795163,10
CUST-11469,48,Life,150.0,1,791.3852747383949,16
CUST-11345,48,Life,1007.0391662356078,1,411.74489819798725,9
CUST-10114,73,Auto,1200.0,1,1466.3897491251464,27
CUST-10036,49,Life,835.1405499257983,0,0.0,11
CUST-10006,21,Auto,666.9926344160796,0,0.0,0
CUST-10151,39,Home,1200.0,0,0.0,4
CUST-10806,21,Health,1200.0,0,0.0,0
CUST-10838,41,Life,711.4472836409968,1,1167.3187693479322,10
CUST-10669,80,Travel,496.8637691899719,3,3052.9339577555106,26
CUST-10234,80,Life,466.5975688427907,1,1530.52879370234,29
CUST-11340,37,Health,672.3979459345476,0,0.0,4
CUST-10449,69,Health,710.5917311688944,1,276.9536206425287,23
CUST-11104,32,Health,860.3720139579855,0,0.0,3
CUST-10377,34,Travel,174.15837831318066,0,0.0,3
CUST-11235,59,Travel,359.4943170932214,1,1241.0991479409854,19
CUST-10375,69,Health,839.0373081997809,1,811.2397936021638,22
CUST-10358,67,Home,308.15468609355054,2,1238.8558523268857,20
CUST-10951,40,Home,528.7054281210086,1,965.9161504248832,6
CUST-10980,53,Travel,321.12114791792146,1,466.3744345020858,14
CUST-11305,48,Life,673.0642561220703,1,644.5815855328074,12
CUST-10276,42,Health,748.7074352960377,1,493.49208029380594,10
CUST-11083,66,Auto,525.7826941518737,2,1598.7174273248747,20
CUST-10356,28,Home,150.0,1,704.8189239977896,0
CUST-11460,51,Home,673.5746429270473,1,1089.2693018992982,17
CUST-10753,51,Life,215.13946243246124,0,0.0,9
CUST-11062,34,Health,559.2584840791449,0,0.0,4
CUST-10740,59,Life,674.87103585781,1,606.9360629928785,17
CUST-10464,35,Health,699.6517838921039,0,0.0,2
CUST-10029,28,Home,1117.7258155121253,1,1574.2845941489572,0
CUST-10229,25,Health,150.0,0,0.0,0
CUST-11343,72,Auto,498.1256822798648,3,3032.1058819728755,27
CUST-10322,21,Travel,729.6932682190011,0,0.0,0
CUST-11067,79,Life,897.3272137834276,1,1733.3319748039264,27
CUST-10945,29,Home,1054.2593527397123,0,0.0,0
CUST-11429,21,Health,487.5042483863691,0,0.0,0
CUST-10721,51,Health,207.35608067633217,0,0.0,13
CUST-10283,47,Home,1200.0,1,574.1765125916677,11
CUST-11079,80,Home,373.0982623517665,0,0.0,31
CUST-11285,55,Health,500.0285569299,1,1186.1601156700403,12
CUST-10967,43,Travel,150.0,1,772.7874304744222,8
CUST-10521,41,Health,1200.0,1,471.44694361056617,2
CUST-10738,78,Health,293.9557474597879,1,1401.5981411590762,26
CUST-11497,80,Life,150.0,2,2140.2031312321205,34
CUST-10030,48,Health,504.7069191830318,0,0.0,13
CUST-10016,44,Health,294.11357127546114,0,0.0,16
CUST-11478,21,Home,867.2050629465057,1,541.9478898959487,0
CUST-11303,33,Auto,731.921356756356,2,1482.5588256674603,4
CUST-10474,23,Life,686.1382345376754,0,0.0,0
CUST-10414,51,Travel,1099.9659277172436,0,0.0,7
CUST-10824,59,Life,415.89564225165634,1,739.1745590189192,12
CUST-10891,45,Auto,986.260579148487,1,470.4013631208039,10
CUST-10779,31,Health,166.06995981017963,0,0.0,5
CUST-10655,21,Auto,677.9543230651927,0,0.0,0
CUST-11270,44,Life,569.280712486814,0,0.0,13
CUST-11293,21,Health,945.7876955996151,0,0.0,0
CUST-10415,21,Home,923.7011564136952,0,0.0,0
CUST-11042,59,Health,602.042044793497,1,1314.5346642721458,16
CUST-11310,45,Life,722.8216454068139,1,1474.007446795022,6
CUST-10696,36,Health,410.7410422915035,0,0.0,8
CUST-10822,45,Home,1018.3780834454554,0,0.0,13
CUST-10506,60,Home,879.4080143950894,1,679.7316724608881,17
CUST-10864,38,Life,841.8083460587467,0,0.0,3
CUST-10576,48,Health,1078.954035978416,1,1267.950754694867,10
CUST-10557,54,Home,675.1901552815021,2,1089.3711554665601,19
CUST-11202,31,Health,548.5447268931122,2,1817.0052288046318,4
CUST-10127,22,Home,281.1138839684616,0,0.0,3
CUST-10087,41,Life,150.0,0,0.0,8
CUST-11317,51,Life,938.1506408962553,0,0.0,17
CUST-11323,78,Life,869.2253726755495,0,0.0,24
CUST-11184,25,Auto,666.1708851165884,0,0.0,0
CUST-10093,55,Travel,150.0,0,0.0,17
CUST-11473,42,Life,412.29553569450195,1,1395.9901815106016,8
CUST-11002,60,Auto,1200.0,1,554.6811991022003,13
CUST-10472,62,Home,681.0525687261961,0,0.0,22
CUST-10821,58,Life,614.234375115564,2,1243.4362188579435,14
CUST-10427,40,Health,361.07814270736384,1,64.35417687325929,10
CUST-10218,57,Home,793.9369068737781,0,0.0,17
CUST-10553,44,Travel,177.79133027655644,0,0.0,6
CUST-10119,80,Life,873.3606968024505,2,1888.24035572837,33
CUST-10422,80,Health,1200.0,0,0.0,27
CUST-11087,51,Life,617.9632322493671,0,0.0,12
CUST-10564,30,Travel,1057.0862082423394,1,391.8141122015325,5
CUST-10775,51,Health,654.6898842157674,1,947.4781281742016,11
CUST-10195,80,Health,935.8508115949638,1,1104.1443490299446,35
CUST-11373,29,Health,474.3579895134254,1,413.052315153185,0
CUST-10792,34,Life,994.4769715902446,0,0.0,6
CUST-10496,23,Health,269.64964940641187,0,0.0,0
CUST-10818,70,Health,776.7665204493743,1,750.8112507829358,28
CUST-10979,35,Health,367.27400281656264,2,1016.6563636404007,7
CUST-10869,43,Life,489.6272836821841,0,0.0,9
CUST-10259,28,Home,468.6661927553939,1,951.9331435873975,0
CUST-11394,27,Travel,728.1722643953426,0,0.0,0
CUST-10182,36,Life,233.20661438148494,0,0.0,8
CUST-11378,70,Home,1200.0,2,2810.324698128793,21
CUST-11284,36,Home,458.7105245552856,1,1159.985853612076,5
CUST-11209,50,Health,1059.0193925490319,0,0.0,11
CUST-10246,62,Home,1021.7462219007605,2,1970.5127041917622,16
CUST-10682,22,Life,826.9084953435806,0,0.0,0
CUST-11439,53,Health,541.6020397597244,1,406.43134256039855,14
CUST-10716,48,Life,454.4246293719419,0,0.0,15
CUST-11372,21,Health,997.3152624929604,0,0.0,0
CUST-11242,72,Life,1105.236920556555,0,0.0,29
CUST-11057,80,Health,567.9216540087269,3,3087.2954951032193,34
CUST-10501,59,Health,618.3745479142956,1,965.9434551165114,15
CUST-10223,65,Travel,620.5706873383689,0,0.0,22
CUST-10493,40,Home,701.2275839309599,1,1020.4201608137067,9
CUST-11217,30,Travel,150.0,0,0.0,3
CUST-11468,53,Health,910.5147281980426,0,0.0,17
CUST-10914,21,Home,983.6788745454376,1,592.4684870446137,0
CUST-10847,43,Travel,441.57379399983415,0,0.0,6
CUST-10536,65,Life,485.39104804207403,1,352.34093951456407,21
CUST-10588,53,Life,671.2334900327929,2,1495.9610947961664,11
CUST-10601,49,Health,856.4829994530962,1,967.1592194979756,14
CUST-10066,52,Health,314.25184044015003,2,1909.977763249778,17
CUST-10341,49,Life,150.0,0,0.0,6
CUST-10578,75,Life,507.670631756044,1,323.24356357462335,30
CUST-10380,46,Auto,669.3963050931205,1,1009.3124547983497,6
CUST-10000,56,Health,574.8576189796734,1,592.1368945580867,19
CUST-11279,61,Life,150.0,1,809.3540543535811,18
CUST-10634,78,Travel,224.9844272750156,1,1216.2130945055253,25
CUST-10609,53,Health,301.1415878519763,1,803.4779057544336,15
CUST-10097,55,Health,186.86849105858153,0,0.0,16
CUST-11059,74,Home,438.0081716722318,1,0.0,21
CUST-10674,57,Health,185.55676766544207,1,715.0684977500316,14
CUST-10749,37,Health,533.8378925245331,2,600.9313668197642,0
CUST-10799,44,Life,428.3899038039878,1,298.74697287118926,8
CUST-10418,28,Health,150.0,2,832.2825473118753,3
CUST-10630,54,Auto,1050.3261834966243,0,0.0,16
CUST-10510,63,Travel,150.0,1,1364.9778999058913,19
CUST-10798,45,Life,967.9242620231173,0,0.0,8
CUST-11388,33,Auto,1013.4042221765663,2,1403.5196852381648,0
CUST-11041,53,Health,210.159790830789,1,93.52742858447982,12
CUST-10731,21,Life,174.36819135977527,0,0.0,0
CUST-10786,72,Travel,798.2953815786257,0,0.0,25
CUST-10644,50,Home,211.0139322872477,2,1324.8415961835576,13
CUST-10562,69,Life,216.1160995687158,1,613.653236391653,26
CUST-10691,80,Home,239.72399314385808,1,1303.308197241714,30
CUST-10406,67,Life,637.9564979927508,1,0.0,20
CUST-11324,59,Life,322.127915749009,1,0.0,19
CUST-10316,27,Life,150.0,0,0.0,5
CUST-10390,74,Home,368.5525632167733,3,2268.597080036043,27
CUST-11492,48,Health,1013.1745559355708,0,0.0,10
CUST-10640,43,Health,176.68211495040896,0,0.0,9
CUST-10189,40,Health,409.9300692769226,0,0.0,7
CUST-10698,80,Health,426.5184298670664,1,1111.0513091819348,35
CUST-10268,49,Travel,398.14600349100147,0,0.0,13
CUST-10025,80,Life,569.3209838110446,1,1303.1575564444547,29
CUST-11382,43,Health,803.8410362273825,1,1284.2852470635175,9
CUST-11192,48,Health,347.76503608785083,0,0.0,11
CUST-10942,27,Auto,513.2055275818655,1,344.6341441155944,3
CUST-11275,36,Health,278.16865702360093,1,1318.6134136867138,5
CUST-10121,21,Auto,1051.510393970103,0,0.0,0
CUST-10934,80,Health,852.3426992992471,1,39.96744206574783,27
CUST-10227,59,Life,648.3638636817797,2,1764.3792596626133,19
CUST-10401,62,Health,1141.1248123141202,1,665.4277812516685,19
CUST-10570,52,Health,691.7220392085483,0,0.0,14
CUST-10857,67,Life,815.0510032715092,1,1190.6951434062457,15
CUST-10904,34,Home,444.6604118083688,1,1196.3274019746773,6
CUST-10084,80,Travel,850.2334879354667,1,814.1832094455625,31
CUST-10231,76,Health,915.2656990625453,1,856.4066233299952,28
CUST-10841,44,Home,271.63481654135313,2,1366.8132851295536,10
CUST-11397,45,Home,301.20540825189124,1,1241.514002458266,8
CUST-10049,24,Life,537.9119265614048,0,0.0,0
CUST-10613,65,Life,441.5621655595522,1,0.0,21
CUST-11179,60,Travel,633.7446646243445,1,1314.482792884588,20
CUST-10237,57,Auto,828.4602237889428,2,1691.8320066522517,17
CUST-11214,52,Health,582.3477341267984,1,234.76252350927405,12
CUST-10711,50,Health,757.8723762701527,0,0.0,9
CUST-11055,54,Life,990.0339750913917,0,0.0,11
CUST-11119,22,Life,1055.6893063522725,0,0.0,0
CUST-10204,33,Health,855.7448233210284,1,995.8079033506449,2
CUST-11446,78,Auto,880.3062656770519,1,1179.880326411018,29
CUST-11222,57,Auto,671.8309112681238,2,921.4264976817933,13
CUST-10429,80,Travel,744.9791306656659,1,1702.4062354654607,34
CUST-11347,47,Health,416.42719998549165,1,253.20723041953255,9
CUST-11262,38,Travel,150.0,1,583.0429682364953,5
CUST-10266,61,Life,216.48461149016202,0,0.0,20
CUST-10966,39,Home,643.9142019105951,1,952.252312314899,4
CUST-10783,53,Life,297.4855143480224,1,743.9905359787773,16
CUST-10329,59,Auto,1200.0,1,2027.8054589162282,18
CUST-11335,42,Home,879.0012785565824,1,1360.7599140007228,7
CUST-10719,21,Travel,591.0808750239277,0,0.0,0
CUST-10392,35,Health,979.6758957980347,0,0.0,2
CUST-10517,58,Home,1188.8331497475622,1,1107.7438608133953,21
CUST-10790,54,Health,347.751229469087,2,2286.712690004265,19
CUST-10240,66,Life,527.800645870104,0,0.0,19
CUST-10755,52,Home,866.6313933578747,0,0.0,17
CUST-10250,80,Home,1057.8641870298152,1,813.1512233923095,32
CUST-10629,55,Home,505.0287876669842,1,273.04558464732673,16
CUST-10304,43,Life,600.4438487950152,0,0.0,2
CUST-10741,44,Travel,500.94936547001976,1,746.5708870319038,9
CUST-10712,65,Life,150.0,2,1561.6336484197882,24
CUST-10575,34,Travel,320.6046549433573,0,0.0,5
CUST-10959,61,Life,372.67186613583664,1,869.9375964772759,22
CUST-11068,61,Life,939.799316066033,1,734.7629588489935,14
CUST-10421,40,Health,150.0,1,554.098572466335,7
CUST-10673,46,Health,1029.9471261969916,0,0.0,12
CUST-10466,56,Auto,952.981016288395,1,1195.8905207431767,15
CUST-10924,62,Life,756.1562537837503,1,977.6731909885052,18
CUST-10662,55,Life,566.5991709697114,2,2060.5339430535023,15
CUST-10938,65,Health,910.7740069066826,0,0.0,23
CUST-10526,21,Health,586.7166031310292,1,1147.1277251800514,0
CUST-10887,48,Health,463.8394621903742,1,741.6488511836596,6
CUST-10124,22,Auto,1151.793250024313,0,0.0,1
CUST-10360,74,Travel,675.3631262543879,0,0.0,23
CUST-10641,73,Travel,496.63438204657353,0,0.0,27
CUST-11015,65,Auto,864.7128580520737,1,1083.6758412159006,20
CUST-10602,44,Home,603.133766765168,1,1281.3458370636968,14
CUST-10462,21,Life,1114.6215932797822,0,0.0,0
CUST-11165,45,Auto,693.489645015393,1,1101.1741677037057,12
CUST-10633,42,Auto,1094.6401344814117,1,862.1384006053045,5
CUST-11354,48,Travel,330.19467296440297,0,0.0,11
CUST-11034,56,Travel,729.6593992317072,0,0.0,17
CUST-10445,55,Health,717.8176587960206,1,1425.5546546323067,16
CUST-11158,56,Life,307.5311998963782,0,0.0,12
CUST-11349,21,Auto,713.1476650270852,0,0.0,0
CUST-10982,42,Health,495.89598672636214,0,0.0,6
CUST-10930,69,Travel,685.3601508937427,0,0.0,24
CUST-10321,47,Home,483.6149039844312,1,825.3779662773379,6
CUST-10043,43,Travel,510.1800277134158,0,0.0,9
CUST-10709,42,Life,721.217901937833,1,967.6305932132791,7
CUST-10512,48,Health,557.5125458778483,1,1396.9109532189786,13
CUST-10708,48,Home,591.9838136095336,1,944.5674756212443,10
CUST-10925,61,Auto,1200.0,0,0.0,13
CUST-11325,36,Life,505.4826271902633,0,0.0,6
CUST-11355,40,Health,989.9690833854054,1,125.87756266856667,7
CUST-10314,56,Home,694.7194735507791,1,690.3373449212662,12
CUST-10009,49,Home,915.8056597629046,2,1661.821709964603,10
CUST-10291,80,Health,945.3468369555428,1,929.9509156316752,33
CUST-10678,56,Health,404.4777375158337,2,2156.3117915425228,16
CUST-11172,47,Life,1200.0,0,0.0,12
CUST-11137,45,Health,667.0512573852045,0,0.0,8
CUST-10047,74,Travel,150.0,1,271.0711418518351,26
CUST-11480,38,Auto,837.5572624414272,2,1489.0874862098667,7
CUST-10571,80,Life,150.0,2,2442.1652933685555,30
CUST-11007,27,Health,150.0,0,0.0,0
CUST-11225,75,Life,530.9915312878345,0,0.0,25
CUST-10479,33,Life,884.289914854956,0,0.0,2
CUST-11134,60,Travel,476.42333484548607,0,0.0,17
CUST-10523,63,Life,175.07371194316516,1,294.26851767378975,19
CUST-10074,21,Auto,150.0,2,2192.386112506918,0
CUST-10169,21,Health,1122.9822244819252,1,765.2629819254244,0
CUST-10416,21,Health,546.6634692274155,2,1305.8068928912517,0
CUST-10763,34,Home,904.1197207186489,0,0.0,5
CUST-11028,56,Health,715.5402502960642,2,2734.7191311608312,16
CUST-10444,52,Life,701.3472538697786,1,1183.6333618083759,9
CUST-11434,55,Health,599.0353927077639,0,0.0,13
CUST-11470,44,Home,735.5096553738606,0,0.0,11
CUST-11428,55,Health,399.8497785761812,0,0.0,15
CUST-11316,47,Travel,278.0799776030034,0,0.0,12
CUST-10032,43,Health,685.0616493814176,0,0.0,5
CUST-11094,49,Health,725.8845992866185,2,1752.587501536841,12
CUST-10902,67,Auto,924.2168210017236,2,1877.9246967088964,21
CUST-10697,54,Home,520.8614159701485,1,1552.7047851723933,12
CUST-11438,62,Home,518.5565838799656,0,0.0,18
CUST-11322,36,Home,932.625283110294,0,0.0,3
CUST-10252,21,Home,150.0,1,177.20165035547132,0
CUST-10502,24,Health,251.0269456995361,0,0.0,2
CUST-10911,76,Health,912.2955021827125,1,859.4067420685885,25
CUST-11075,45,Auto,878.1075576596129,1,730.0907504634691,10
CUST-11461,71,Health,1200.0,0,0.0,24
CUST-10146,45,Travel,682.2235721252212,0,0.0,7
CUST-10465,52,Health,575.558958082387,0,0.0,10
CUST-11017,39,Home,520.8148193874645,1,670.0241869513495,3
CUST-10970,39,Auto,463.65308109142904,1,1096.4830167855253,8
CUST-11346,46,Home,717.735676740799,0,0.0,8
CUST-10771,57,Auto,581.5250093607959,3,2754.2718629004285,18
CUST-11205,68,Life,955.0003448662303,0,0.0,22
CUST-10222,72,Health,382.27659042173434,1,588.0877674901952,27
CUST-10495,44,Auto,717.2957544504413,2,2144.1182266812566,14
CUST-11005,80,Auto,770.7725915415497,3,3017.1966749797725,32
CUST-11291,80,Health,159.86746061767576,1,813.7846886185736,35
CUST-10320,57,Life,150.0,1,586.9608476736009,20
CUST-10811,44,Home,1200.0,0,0.0,9
CUST-11486,35,Health,642.8954491256341,0,0.0,3
CUST-10310,64,Travel,276.94063350572736,2,1808.2744813252618,23
CUST-11100,33,Health,778.0261859404843,0,0.0,9
CUST-10315,69,Life,524.9941639722654,0,0.0,23
CUST-11198,21,Auto,241.33812821098422,0,0.0,0
CUST-11409,47,Auto,1200.0,1,550.4664386675757,7
CUST-10021,63,Travel,584.3797208468281,0,0.0,22
CUST-10443,38,Health,315.41256897913286,0,0.0,7
CUST-10839,39,Life,761.524112077256,2,1330.628302060682,10
CUST-10367,63,Home,841.5737544157873,0,0.0,18
CUST-10899,68,Home,776.0546954803945,0,0.0,22
CUST-10398,21,Travel,150.0,1,0.0,0
CUST-11391,64,Auto,957.6357093067609,2,1782.614256647311,19
CUST-11026,36,Health,593.0247618056804,1,1279.5034046348378,3
CUST-10319,61,Health,240.09709278758123,2,1639.8729427757842,17
CUST-10815,80,Auto,1200.0,0,0.0,30
CUST-10437,32,Home,1200.0,0,0.0,0
CUST-11152,76,Travel,466.4430113577995,0,0.0,25
CUST-10073,64,Life,692.6139639778722,2,1680.0575092417218,19
CUST-10569,71,Home,573.651990637177,1,629.6323662358595,26
CUST-10199,51,Health,166.93273885151882,1,488.94798747920674,13
CUST-10481,43,Home,524.6275550511677,2,1778.7031787285096,11
CUST-11351,63,Life,150.0,3,2899.374148059162,22
CUST-10686,49,Home,582.1473361152679,2,1860.9602992076746,6
CUST-11352,62,Home,1014.1269684298411,2,1846.6465884310833,17
CUST-10116,27,Travel,415.34863193392675,2,1295.7835278225552,4
CUST-10849,31,Home,580.3358550613182,1,1288.855289335459,4
CUST-10828,37,Home,258.8544948943293,2,1367.8297053250426,4
CUST-10635,28,Home,902.9545468142201,1,326.10620309712067,0
CUST-10782,57,Life,150.0,1,1028.9485332519153,17
CUST-10885,78,Health,1200.0,2,2494.319104256224,24
CUST-10037,37,Home,664.9741787381416,0,0.0,4
CUST-10677,80,Travel,404.8017273820352,2,2716.678931252986,33
CUST-11173,48,Auto,556.011971579807,3,2547.202225673964,13
CUST-10013,40,Auto,1005.4756043196535,1,1022.4084602790551,4
CUST-10532,69,Life,606.3303701323099,1,678.547545628649,22
CUST-11401,21,Home,463.7002080618566,0,0.0,0
CUST-10626,60,Life,150.0,2,1806.7286535267262,15
CUST-11076,46,Health,150.0,2,2165.171726121007,14
CUST-10533,26,Life,655.3589814891908,0,0.0,0
CUST-10441,57,Auto,1200.0,0,0.0,14
CUST-10212,79,Travel,150.0,0,0.0,24
CUST-10886,28,Life,292.8176068794265,1,650.8984763090682,2
CUST-11300,21,Auto,914.2268685910325,1,225.79975313793545,0
CUST-10758,55,Travel,589.2064777911236,0,0.0,15
CUST-10604,38,Health,150.0,2,1052.6969485288641,6
CUST-11234,35,Life,722.869651375964,0,0.0,5
CUST-10727,25,Travel,150.0,1,0.0,7
CUST-11278,36,Life,824.1827196709096,1,338.25289200084836,6
CUST-10883,44,Health,399.4766399324999,1,1471.7540555381374,10
CUST-11482,26,Auto,789.8896632984938,2,1482.3274397092957,0
CUST-10508,56,Life,382.3234630650044,1,785.4686426785265,18
CUST-11408,80,Auto,554.4002732009143,1,658.530849861861,31
CUST-10499,31,Home,766.9002959954723,2,1252.4578871335907,0
CUST-10287,47,Life,150.0,0,0.0,14
CUST-11248,36,Health,150.0,1,216.37361073696997,8
CUST-10002,56,Travel,150.0,1,477.80813817359626,21
CUST-11058,43,Life,780.5614292011952,2,1790.446543837493,10
CUST-10722,39,Life,334.8117933815429,0,0.0,5
CUST-10636,64,Health,512.0479879930247,0,0.0,24
CUST-10159,66,Auto,927.4484503104311,2,1486.0600993124096,22
CUST-10211,50,Health,345.58607836505735,1,1023.3550359135158,10
CUST-10612,43,Life,150.0,1,836.6731950168154,9
CUST-10342,21,Life,175.83429411539703,1,271.5160614624178,0
CUST-11167,36,Home,992.1409234278944,1,1021.9020323393155,0
CUST-10323,36,Travel,563.1648049559626,0,0.0,6
CUST-11368,49,Health,909.253780483818,0,0.0,12
CUST-11353,71,Health,374.0266115884167,0,0.0,25
CUST-10450,21,Auto,552.592061279811,0,0.0,0
CUST-10999,25,Health,519.4579377677483,0,0.0,0
CUST-10046,64,Health,396.61401559102995,1,1222.6427469374808,19
CUST-11027,64,Auto,1027.954123387047,1,1136.0983952943131,20
CUST-11143,66,Health,622.9136717739167,1,551.6130149595492,20
CUST-11193,69,Life,482.75702664918344,0,0.0,22
CUST-11140,73,Home,653.4122287561279,0,0.0,26
CUST-10454,51,Travel,150.0,1,1118.7155796943512,17
CUST-10265,51,Life,209.5049244345676,0,0.0,5
CUST-10750,58,Life,150.0,0,0.0,21
CUST-11180,62,Home,309.748959731824,1,617.5915129621976,21
CUST-10208,58,Travel,175.85964437664467,0,0.0,15
CUST-11216,39,Health,884.3499351125857,0,0.0,8
CUST-11495,40,Health,528.8747357422802,1,586.9967027140978,13
CUST-10424,56,Travel,150.0,2,1055.4480772783293,12
CUST-11182,43,Health,450.83139516524204,2,861.2238206108075,3
CUST-11418,27,Life,150.0,1,1024.0042086715084,0
CUST-10413,78,Health,828.2143600876894,1,811.6628550698856,26
CUST-10927,39,Health,637.1003810295817,0,0.0,7
CUST-10720,57,Life,150.0,1,633.6693332247522,19
CUST-10961,45,Travel,548.3866194980139,1,351.25582322886015,11
CUST-10359,48,Health,290.34943560049993,1,0.0,11
CUST-10122,69,Travel,761.5171425467378,0,0.0,22
CUST-11149,72,Auto,1200.0,0,0.0,22
CUST-10990,80,Health,672.0076949771662,1,471.66188521464454,28
CUST-11479,56,Travel,369.3218072595465,1,101.76814857584554,15
CUST-11290,56,Travel,150.0,0,0.0,21
CUST-10178,53,Life,840.9652555185577,1,715.3988022444298,14
CUST-10101,44,Health,561.989002752288,2,1403.292693989486,8
CUST-10917,24,Home,642.9733239139173,0,0.0,0
CUST-11169,50,Home,368.29993188011963,1,1022.4805187610671,11
CUST-10330,63,Life,621.1223927285886,0,0.0,19
CUST-10675,21,Home,1200.0,0,0.0,0
CUST-10098,27,Auto,536.6808417158634,1,958.316965380337,4
CUST-10607,41,Travel,150.0,0,0.0,6
CUST-11299,52,Life,243.47929838280555,1,705.022933898812,11
CUST-11108,80,Travel,150.0,2,1966.1013402693727,32
CUST-10861,47,Auto,633.3653428006933,1,641.8701571498904,9
CUST-10108,39,Health,959.9355399213981,0,0.0,12
CUST-11295,56,Health,150.0,1,1129.2303672002463,16
CUST-10107,54,Life,150.0,2,1088.875394556009,14
CUST-10694,62,Life,934.1863577425361,0,0.0,17
CUST-10158,47,Life,269.6227692636835,1,395.8493465896472,15
CUST-10187,53,Health,150.0,2,1084.2214019514597,14
CUST-10762,74,Travel,316.910973320442,3,3084.858707554227,25
CUST-10475,63,Health,668.0852680335181,1,412.99873770278884,21
CUST-11338,80,Life,150.0,2,2451.9445230654123,32
CUST-10769,52,Health,1166.4435678838126,0,0.0,14
CUST-11417,21,Health,1200.0,0,0.0,0
CUST-10166,65,Life,288.89868346081687,0,0.0,24
CUST-10338,21,Auto,1200.0,0,0.0,0
CUST-11314,48,Auto,608.000065266343,1,1327.139217965365,9
CUST-11207,50,Health,159.14982587588872,1,560.3486614434813,13
CUST-11138,28,Home,634.0058633702661,0,0.0,1
CUST-11247,46,Life,150.0,0,0.0,16
CUST-10643,58,Health,823.9382656786379,0,0.0,14
CUST-10426,31,Health,730.0119902601755,0,0.0,6
CUST-10856,50,Home,455.99447546182296,0,0.0,10
CUST-10881,38,Auto,357.069513265434,1,717.7017440624487,4
CUST-10680,64,Home,150.0,1,1498.7853253515286,24
CUST-10135,22,Auto,652.1133940912642,1,558.2441050447261,0
CUST-11157,25,Life,671.4336317897962,0,0.0,0
CUST-10868,45,Auto,1120.3899861526747,0,0.0,9
CUST-11274,38,Health,832.1456906037997,0,0.0,9
CUST-11426,31,Travel,150.0,1,277.95727254554293,3
CUST-10676,55,Home,407.45967074868895,1,1086.8035644213855,17
CUST-10197,47,Auto,925.9801693351121,1,401.5831043644489,5
CUST-11424,27,Health,678.9953338122065,1,331.4845686385453,0
CUST-10446,30,Health,374.8890022224783,1,914.9988860506237,4
CUST-10255,44,Health,1200.0,0,0.0,11
CUST-10301,23,Home,913.3111689029134,1,867.712107746366,0
CUST-10788,68,Health,646.6633191800962,1,923.551036534077,20
CUST-11123,42,Life,240.86650931653412,1,1333.6602706807666,9
CUST-11095,46,Travel,408.87047988129564,0,0.0,12
CUST-10035,52,Home,829.1028466239029,2,1690.2368428480186,16
CUST-11414,31,Home,410.22367251873,0,0.0,5
CUST-10470,74,Home,954.0083498872318,1,884.5227832144385,29
CUST-11458,80,Travel,150.0,1,877.6838296523256,32
CUST-10518,59,Health,1110.3430674563656,1,502.1461110957298,18
CUST-11427,61,Life,473.4092417286252,1,1509.4854984611948,17
CUST-10695,54,Life,528.8747237505867,0,0.0,17
CUST-11381,61,Life,466.26347885913617,2,1596.2474126795998,19
CUST-10707,45,Life,306.77123177336244,1,566.6338444070185,6
CUST-11496,61,Home,626.7101828459682,2,1933.7978771995054,23
CUST-10760,78,Life,877.7829722322393,2,2114.4069171365027,24
CUST-11238,74,Auto,668.0091389306417,2,2158.940126621257,24
CUST-10262,66,Life,698.0010157279747,0,0.0,22
CUST-10385,52,Life,764.6876949697946,0,0.0,14
CUST-11166,57,Health,873.3742279706368,2,1696.8771322207122,12
CUST-11376,21,Home,584.4964488755884,1,715.0924180385946,0
CUST-11494,32,Auto,599.959687635681,1,1420.0837574563689,5
CUST-10807,21,Home,1077.2575658642195,0,0.0,0
CUST-10535,22,Travel,561.6001605722258,0,0.0,0
CUST-11006,29,Auto,737.1478047749533,2,1479.71443096667,1
CUST-11049,42,Health,692.2332533094253,1,996.8849452258648,8
CUST-10128,57,Travel,200.38668396484826,1,1214.0473775850255,17
CUST-10477,43,Auto,594.1223077117857,2,1157.4219663376264,9
CUST-10941,29,Life,577.7890370665369,0,0.0,0
CUST-11471,68,Auto,1158.1538521196412,1,1084.52475104041,20
CUST-11472,26,Home,1016.0673370808962,0,0.0,0
CUST-10286,21,Travel,467.4275389393684,1,330.1848849795629,0
CUST-10812,23,Home,550.4279841914826,0,0.0,0
CUST-10757,75,Health,905.3839620673441,0,0.0,30
CUST-10147,35,Auto,871.3634441915136,2,1625.7257562596117,4
CUST-10336,55,Home,150.0,0,0.0,16
CUST-10955,62,Health,665.4612873684614,1,888.7695177928063,22
CUST-10272,43,Health,183.75362768294684,0,0.0,9
CUST-11333,31,Health,724.602966502051,1,770.8596625178113,2
CUST-11032,67,Travel,150.0,1,1156.305221993132,18
CUST-11357,55,Health,719.4763432504751,1,1131.108421355912,16
CUST-10134,64,Health,484.90564346409275,0,0.0,20
CUST-10408,40,Life,1068.3375787434443,0,0.0,7
CUST-10778,74,Health,468.7727960128065,2,2045.3070061810708,23
CUST-10863,43,Travel,502.349791568878,1,480.7018570702362,5
CUST-10978,63,Health,399.01377758556885,0,0.0,20
CUST-11195,30,Travel,906.8537523221471,0,0.0,0
CUST-11084,29,Health,631.8929431111276,0,0.0,0
CUST-10194,52,Home,457.60669824878994,1,1094.4377334159149,14
CUST-10767,26,Life,558.7963144740197,0,0.0,1
CUST-10340,56,Health,248.3526616385987,2,1051.781071890873,11
CUST-11045,40,Travel,437.1634005253243,0,0.0,13
CUST-10787,39,Travel,208.43649979148898,1,47.40249583809418,5
CUST-10044,51,Life,1200.0,1,1227.7869191414302,11
CUST-10706,70,Health,658.931644496036,1,1378.7804266514818,30
CUST-11334,80,Health,150.0,2,1948.1256040554536,31
CUST-10412,21,Home,959.107030642856,1,108.69651173716244,0
CUST-10543,67,Life,600.5011971592379,2,1636.4417366051764,17
CUST-10058,64,Travel,771.2162442264422,0,0.0,17
CUST-10872,21,Home,776.4838202385167,0,0.0,0
CUST-10027,48,Home,533.8806799891314,1,1017.0846720272478,13
CUST-10624,42,Travel,150.0,0,0.0,12
CUST-10642,64,Auto,1126.459085895879,0,0.0,20
CUST-11080,59,Home,1200.0,0,0.0,11
CUST-10434,46,Travel,496.61698119851957,0,0.0,13
CUST-10460,52,Travel,150.0,0,0.0,14
CUST-11170,63,Health,518.771311402453,1,36.034222545087005,20
CUST-10347,32,Life,150.0,0,0.0,0
CUST-10075,35,Health,489.02234126291313,1,0.0,5
CUST-10350,22,Auto,646.8156256019151,1,525.6155571702462,0
CUST-11277,80,Life,1060.260049679611,0,0.0,28
CUST-10836,34,Home,1091.1999420122074,1,793.8901602348221,6
CUST-10099,61,Life,199.35980306407976,1,961.5275981487364,20
CUST-11306,68,Home,1081.6441390536497,1,753.4144291614189,18
CUST-10439,56,Health,655.7390863365866,1,1357.6292394554393,17
CUST-10511,61,Life,150.0,1,1236.12699146132,20
CUST-11086,54,Health,371.74802652139454,3,1896.2475499590919,14
CUST-11144,66,Life,494.85285667143637,1,830.6649582527009,17
CUST-11047,49,Health,789.6838335328458,1,1386.9196703604644,14
CUST-10921,29,Home,907.2146075417957,1,380.435344839175,0
CUST-11327,34,Health,1122.5134416723172,0,0.0,6
CUST-10271,58,Life,949.0181300674874,1,496.0201510149094,18
CUST-10278,52,Life,744.8050437793709,0,0.0,12
CUST-11404,80,Life,922.3313032701556,1,1687.8444662206518,29
CUST-10010,80,Home,150.0,2,1723.3320910833397,33
CUST-10261,66,Home,649.5703492459811,1,470.757638687963,22
CUST-11121,64,Travel,781.8232505258036,0,0.0,17
CUST-11010,71,Travel,398.83896452931435,0,0.0,23
CUST-10896,41,Auto,782.6578684170682,2,2111.4729392323625,5
CUST-11244,21,Home,426.62725924956635,0,0.0,0
CUST-10379,49,Life,638.1751581544352,2,1501.451480607884,14
CUST-11257,46,Health,1086.9866675239377,0,0.0,8
CUST-10689,40,Auto,1200.0,2,1702.2495098690026,9
CUST-10365,69,Home,447.0170405771844,3,3156.380346971263,24
CUST-10552,49,Life,569.2122601742968,0,0.0,12
CUST-11481,52,Health,1047.5504868202593,0,0.0,16
CUST-10598,44,Health,624.0503092864574,0,0.0,12
CUST-11218,45,Auto,279.40167209754895,3,2382.94359371301,13
CUST-10202,67,Travel,760.6276315558725,0,0.0,23
CUST-11051,21,Health,736.4351631873128,1,0.0,0
CUST-11396,59,Health,900.6519118173687,1,1603.1498788234403,20
CUST-11189,66,Travel,936.4364793121717,0,0.0,18
CUST-10175,24,Home,579.8703278090145,1,596.593463465619,0
CUST-11093,25,Auto,1200.0,0,0.0,0
CUST-10730,54,Health,421.6347054726984,1,493.4328623515686,13
CUST-10992,60,Home,186.99930425762096,2,1766.0087404944818,23
CUST-10654,36,Home,1169.7757655771884,0,0.0,6
CUST-10142,72,Health,304.58945314799286,1,1221.8380345312603,24
CUST-10092,45,Health,930.0418125060469,0,0.0,10
CUST-10724,62,Life,566.2640316991481,1,882.0133563039494,15
CUST-10115,72,Life,655.5445298185181,2,1580.8184360818022,25
CUST-10817,47,Auto,287.8239153882904,2,1428.571411243251,14
CUST-10546,21,Health,1100.7668190400675,2,1331.7569966105311,0
CUST-10582,52,Life,643.8475788069497,0,0.0,16
CUST-11448,44,Life,150.0,0,0.0,13
CUST-11102,65,Home,1200.0,1,1439.374970734012,19
CUST-10153,25,Home,356.22007144032403,1,336.48757169057615,2
CUST-10565,50,Home,634.0479547115198,1,716.3894770841632,14
CUST-11155,75,Health,551.7273399400678,0,0.0,25
CUST-10558,59,Travel,181.66449830852645,0,0.0,13
CUST-10483,48,Home,488.8549726711253,2,1595.151697508627,13
CUST-10952,76,Health,383.7072190062968,1,1085.6069708194273,29
CUST-10435,53,Life,736.6593790522658,0,0.0,13
CUST-11223,55,Travel,519.2020460225727,0,0.0,11
CUST-11191,25,Life,588.0351275334335,1,435.0960754602445,0
CUST-10665,56,Life,150.0,1,1196.695099420242,18
CUST-10739,41,Health,700.094488595959,0,0.0,7
CUST-10906,59,Auto,827.8789450911501,1,1440.720835558198,21
CUST-10802,57,Home,1200.0,1,1352.9340206972188,18
CUST-10400,48,Auto,1200.0,0,0.0,8
CUST-10831,67,Life,277.14614339584557,2,1612.5287622701424,24
CUST-10063,73,Life,1200.0,1,812.4123797741183,20
CUST-10649,46,Home,728.4673755180318,2,1553.1756135353467,9
CUST-11342,51,Home,589.8364213235292,1,1071.6546265406994,16
CUST-10572,55,Home,646.4044612283539,1,997.0638045852343,15
CUST-11109,69,Travel,524.863629350142,0,0.0,19
CUST-10453,66,Home,1200.0,2,1571.9817602987264,17
CUST-10224,77,Health,372.7670098426334,2,1770.0548134530557,28
CUST-10983,51,Travel,306.2678481659473,0,0.0,12
CUST-10860,55,Travel,725.7060204024465,0,0.0,15
CUST-10554,66,Life,341.8327368765517,3,2084.4643298323444,21
CUST-10141,39,Home,543.7806415486133,1,89.11129168975128,8
CUST-10964,21,Auto,1200.0,1,1098.8657713730745,0
CUST-11420,66,Home,818.718734662988,1,967.0376522661188,24
CUST-10023,33,Travel,266.12131121915314,0,0.0,6
CUST-11036,71,Auto,539.1679023070311,1,1565.6977775782168,26
CUST-10079,34,Life,150.0,0,0.0,6
CUST-10221,40,Health,150.0,1,1347.155010521221,5
CUST-10482,54,Home,863.0652472503543,2,928.3403685626268,12
CUST-11039,50,Auto,1200.0,1,556.970884377245,10
CUST-10190,33,Travel,495.1042221693706,1,69.32198045983,0
CUST-10022,69,Auto,961.472093514025,2,1118.1710257693303,20
CUST-11367,52,Life,389.37237201412864,1,756.5393335761291,12
CUST-10664,22,Auto,446.63121257280534,1,64.46521047598924,0
CUST-10090,53,Home,621.3406252907793,2,2263.705569569645,17
CUST-10337,66,Auto,776.6426692160059,1,1107.4178074719866,24
CUST-11014,41,Life,802.3408825241605,0,0.0,8
CUST-10555,80,Health,727.8316331576046,3,3500.0,32
CUST-10770,21,Life,606.1093083916855,0,0.0,0
CUST-10605,60,Home,531.7250255902192,2,2459.3383068359217,21
CUST-10410,68,Home,621.6187191029719,2,1706.537015393209,20
CUST-10544,69,Travel,150.0,0,0.0,23
CUST-11030,46,Home,308.8124879060788,2,1648.096494577857,9
CUST-10503,48,Health,287.6314263300302,2,1943.215253160649,15
CUST-10984,60,Home,636.6697893667243,0,0.0,14
CUST-10363,60,Life,1200.0,0,0.0,17
CUST-11431,56,Health,397.6865965061779,2,1257.3180387043253,15
CUST-10659,67,Auto,648.8460464176694,2,1960.2653553504833,19
CUST-10981,48,Life,520.3340466531904,0,0.0,18
CUST-10348,72,Health,150.0,1,1682.5398599484236,29
CUST-10623,76,Life,728.2667506154157,1,974.8929032235853,28
CUST-11459,33,Health,533.2191304752372,1,0.0,0
CUST-11072,50,Life,876.1645880588457,1,1236.3573466499797,16
CUST-10060,56,Travel,150.0,1,424.76996681770464,21
CUST-10455,30,Life,724.8725656637149,0,0.0,0
CUST-11064,73,Health,1106.878864988913,0,0.0,23
CUST-11255,60,Life,901.9042801521471,0,0.0,15
CUST-10596,32,Home,814.6470701400775,1,233.12533400538098,5
CUST-11451,37,Health,802.2468416572239,0,0.0,9
CUST-10176,61,Health,150.0,1,284.18390630037896,20
CUST-10150,40,Travel,867.8685095840376,0,0.0,3
CUST-11097,21,Auto,1089.7165201797095,1,1125.2017380957514,0
CUST-11298,71,Life,640.3732574177981,1,1357.6736167890272,26
CUST-11085,37,Health,899.0473918113997,0,0.0,4
CUST-11292,61,Health,613.1499798338489,1,985.3765022041291,23
CUST-10335,21,Travel,621.1626145661407,0,0.0,0
CUST-10962,61,Home,531.1607816411979,1,608.8447042870781,18
CUST-10038,46,Life,150.0,1,1194.5480931199827,13
CUST-11078,56,Travel,1020.4849702422755,0,0.0,11
CUST-10296,40,Health,380.7620877211069,1,724.104028179909,9
CUST-10845,21,Health,150.0,0,0.0,0
CUST-11215,53,Home,1058.665182354029,1,1377.7794122983548,12
CUST-10370,40,Auto,780.5072675813556,1,1406.3540021759925,10
CUST-10052,63,Home,967.5895663370884,1,1503.8177069145868,19
CUST-10850,43,Health,1200.0,1,726.9593619422338,9
CUST-11356,40,Home,903.428449582622,1,600.7655654242594,9
CUST-10773,77,Travel,442.81848587814306,1,1329.8516708575683,31
CUST-10884,68,Life,150.0,0,0.0,27
CUST-10507,62,Life,824.3379107880113,0,0.0,21
CUST-10402,27,Life,620.4496407728893,1,850.2611308154967,2
CUST-10440,76,Travel,369.61261354481576,1,1365.1794978912276,29
CUST-11116,70,Home,908.8211886865874,3,3032.72444147665,23
CUST-10681,60,Health,1054.5768581488867,1,859.721754029536,15
CUST-10144,30,Auto,1008.0458060546384,1,856.3051408966919,0
CUST-10701,60,Life,150.0,1,731.9574718298728,15
CUST-10667,40,Auto,962.6509479261836,1,1573.5507168519584,4
CUST-10587,56,Health,982.5213937719088,0,0.0,16
CUST-10165,70,Home,1134.274799964126,1,471.6385702040294,21
CUST-11386,37,Health,150.0,0,0.0,7
CUST-11233,43,Life,150.0,1,118.8380015751091,8
CUST-10971,58,Health,688.8749314972009,0,0.0,14
CUST-10908,49,Life,150.0,1,1178.4014295074187,17
CUST-10804,47,Home,1015.2269013032297,1,1877.5845524484055,12
CUST-11493,43,Health,737.2847562577458,0,0.0,5
CUST-10986,49,Health,1200.0,0,0.0,7
CUST-10332,39,Home,709.1379617303503,0,0.0,8
CUST-10431,34,Health,1200.0,1,280.38965946297975,1
CUST-11318,59,Home,1079.457207552413,0,0.0,15
CUST-10488,80,Health,1182.5068976514488,1,754.7347111590136,28
CUST-11412,36,Auto,1200.0,1,1361.2190581270402,4
CUST-10209,30,Auto,713.5203427296523,0,0.0,0
CUST-11052,48,Health,502.1245426731318,1,747.3522805631923,11
CUST-10528,80,Travel,394.754048551923,1,877.5595518854495,28
CUST-10627,39,Life,441.2235213136718,1,139.79370008690614,7
CUST-10325,49,Home,835.7967494898656,1,520.8408170826493,14
CUST-11139,27,Health,263.70006376944906,0,0.0,0
CUST-10372,55,Home,959.0096922205648,0,0.0,14
CUST-10017,29,Health,751.5558998545214,1,668.6592950261424,4
CUST-10539,70,Life,150.0,0,0.0,26
CUST-11475,65,Auto,611.9754387902954,1,974.3233394792626,23
CUST-10875,21,Health,346.5709515750569,1,736.8504390858224,0
CUST-10855,47,Health,186.95747282321366,1,783.788064252044,10
CUST-10331,39,Home,453.04066111711643,1,0.0,9
CUST-10053,38,Health,940.6973832615848,0,0.0,8
CUST-11185,42,Home,408.3062406447625,1,378.7754582688369,7
CUST-11344,41,Home,562.8883149898575,0,0.0,9
CUST-11437,67,Home,716.242536668045,2,1186.149138659509,20
CUST-10608,79,Health,814.8216171720919,1,460.20277579563043,28
CUST-11117,65,Travel,970.906608089196,0,0.0,22
CUST-10765,43,Home,638.2997035915455,1,992.6054811644794,9
CUST-10889,80,Life,514.3714831305366,1,1335.0150483387592,34
CUST-10423,46,Home,756.4447056965394,0,0.0,7
CUST-11436,66,Travel,588.2164658999736,0,0.0,17
CUST-11190,59,Life,887.7926172966156,1,1324.8271764238389,16
CUST-10256,80,Home,150.0,2,1853.5515870834474,35
CUST-10051,45,Life,1153.6392607335601,0,0.0,3
CUST-11160,60,Home,568.9940013403475,3,2152.4726683186223,18
CUST-10796,29,Health,928.830334341564,0,0.0,0
CUST-10520,43,Life,150.0,1,585.023115041876,14
CUST-10527,47,Life,807.8981892042535,1,455.2764448155674,9
CUST-10095,38,Life,457.7225145342593,1,650.5289095970285,3
CUST-11162,26,Travel,888.1774123003408,0,0.0,1
CUST-11204,22,Home,827.5027378078695,0,0.0,0
CUST-11369,80,Life,291.949769174762,2,2457.919280118873,34
CUST-10759,49,Home,1130.4202596880264,1,409.97529957718325,11
CUST-10797,21,Travel,150.0,0,0.0,0
CUST-11221,73,Auto,415.0709420336798,2,940.0601634447028,19
CUST-10661,41,Home,1200.0,0,0.0,4
CUST-10873,43,Life,150.0,0,0.0,15
CUST-11210,49,Health,150.0,1,0.0,10
CUST-10645,47,Health,987.3269970679696,0,0.0,10
CUST-11101,71,Auto,150.0,2,1728.881068031288,20
CUST-10723,35,Health,150.0,2,1107.9071123835163,5
CUST-10926,21,Life,150.0,0,0.0,1
CUST-10800,27,Home,902.9965014598571,1,1239.738644518212,0
CUST-10916,57,Health,943.9979474052261,1,1374.6521357840465,16
CUST-11280,42,Auto,315.41023279341215,1,263.0125668156941,4
CUST-11129,45,Health,531.5605912681009,0,0.0,10
CUST-10774,59,Life,257.89630527362493,2,1495.2824233161755,17
CUST-11148,75,Health,440.81415089431005,2,1584.272843281895,25
CUST-10289,64,Auto,695.2856225960528,1,1313.6107898029838,25
CUST-10279,70,Health,892.7882653810658,0,0.0,23
CUST-11163,24,Health,544.1743734171354,0,0.0,1
CUST-11037,75,Travel,534.5169784808066,1,1385.9417199681257,25
CUST-11232,51,Health,712.568724899132,1,724.8158604827262,14
CUST-10247,40,Life,542.176811661368,0,0.0,6
CUST-11389,49,Health,728.624417768129,2,1742.321501560452,10
CUST-10956,61,Travel,161.9202544557906,3,2591.9448334476015,18
CUST-10972,80,Travel,150.0,1,2121.108907101362,35
CUST-10461,72,Health,680.9831231208776,2,2466.734658392882,24
CUST-10078,38,Auto,1028.8698016679468,1,1054.2389326093487,4
CUST-10900,42,Life,150.0,0,0.0,9
CUST-10345,68,Travel,454.3851382110504,1,837.0062576760042,14
CUST-10173,44,Health,572.8748091442305,1,213.86967503553393,5
CUST-11029,54,Health,381.6124280046165,2,998.1734773540613,10
CUST-11245,64,Life,408.8778521174125,1,1238.0853523223723,23
CUST-10625,22,Travel,489.29835053569604,0,0.0,0
CUST-10808,45,Auto,618.4732159100028,0,0.0,10
CUST-10048,42,Health,1142.799001747733,1,1379.564058506221,7
CUST-10882,40,Health,636.2362359218719,1,1350.6465782654946,12
CUST-11199,35,Auto,1096.3097027356716,1,1326.4903406575136,0
CUST-10269,50,Health,472.42459001908355,0,0.0,11
CUST-11004,58,Home,837.2738023215957,2,1981.1026876596354,17
CUST-10918,44,Life,446.72072561544974,1,1090.4271995620218,11
CUST-10235,43,Home,886.8165816295885,3,2708.7662473257146,13
CUST-10780,36,Travel,716.3789293325374,1,447.8643412809573,4
CUST-10308,55,Auto,1006.7339441688546,1,1928.8937527241865,17
CUST-10089,59,Health,574.2214462733665,1,1344.5984531899699,22
CUST-10384,21,Health,696.2188214329295,0,0.0,0
CUST-10352,51,Health,436.5873386261495,1,1497.4417113831792,16
CUST-10823,60,Health,369.28290194963415,1,1279.9985277137823,18
CUST-10140,48,Health,357.40969365147987,1,485.2227681330807,7
CUST-10056,63,Health,1018.7360153489408,0,0.0,19
CUST-10102,40,Life,629.785118917587,1,0.0,3
CUST-10957,45,Life,265.55136797664676,1,432.01175021185423,7
CUST-10088,33,Travel,164.51634561698557,0,0.0,8
CUST-10303,49,Travel,567.6113825606742,0,0.0,11
CUST-11203,67,Home,150.0,2,2164.8389507851025,22
CUST-11267,62,Auto,1032.7086812748735,1,843.1510778552789,15
CUST-11405,75,Travel,818.4746441469962,1,199.32530791478968,22
CUST-10309,21,Health,150.0,0,0.0,0
CUST-11096,77,Travel,425.5891794084444,2,1320.2847288267242,27
CUST-11491,54,Life,196.92125646318163,1,1188.2579440247878,20
CUST-10326,56,Health,541.1808534944254,0,0.0,15
CUST-10834,76,Health,882.7845729136836,1,652.7433013047377,24
CUST-10163,56,Health,616.9647108566076,1,327.3230894963334,14
CUST-11249,66,Life,584.5596165129559,1,792.7289644092426,22
CUST-10647,32,Life,432.5301399497146,0,0.0,6
CUST-10785,48,Health,514.3890184094769,0,0.0,12
CUST-10318,39,Life,548.0521895378365,2,2031.6344942221995,7
CUST-10485,60,Health,150.0,3,2617.996909326159,19
CUST-11283,53,Home,150.0,1,651.396342949336,13
CUST-10579,32,Health,936.4741985511483,0,0.0,1
CUST-10156,57,Life,150.0,1,1159.7866428685381,12
CUST-11287,80,Health,472.1146457493259,2,2287.340437313698,30
CUST-11003,34,Home,801.299981243697,0,0.0,2
CUST-11125,62,Life,413.457158105683,0,0.0,23
CUST-10947,41,Home,1200.0,1,1063.9897615968114,1
CUST-11399,45,Auto,710.054172067272,1,998.9002889740666,7
CUST-10258,21,Life,150.0,1,54.52525736776829,0
CUST-11447,55,Health,150.0,2,1096.720878326767,16
CUST-11321,29,Auto,626.0129198072237,3,1766.5354948446789,0
CUST-11259,32,Home,749.4988519259255,1,1043.0813141389287,8
CUST-10577,34,Life,150.0,1,184.67990300660352,2
CUST-10064,55,Life,983.678191395853,1,1747.4764918549613,14
CUST-11371,52,Health,415.8762258980031,2,1440.3318822052304,17
CUST-11012,60,Health,959.327570206505,2,1830.8021553045044,11
CUST-10012,53,Travel,1048.7387301877031,0,0.0,16
CUST-10225,60,Home,910.1907429041967,1,1006.9120959787174,16
CUST-10752,50,Auto,150.0,2,992.597729923337,10
CUST-10734,46,Health,334.4809163559293,3,1915.295511250613,13
CUST-10152,69,Health,639.0501831083493,1,1501.492919906127,22
CUST-11241,41,Auto,1200.0,1,277.9978457083771,5
CUST-10389,34,Travel,170.06218056825338,0,0.0,6
CUST-10290,53,Home,247.08114101333854,1,590.1951914531546,13
CUST-11016,40,Health,614.6705943100167,0,0.0,6
CUST-11387,53,Travel,150.0,0,0.0,14
CUST-10019,66,Home,1066.5410844265618,2,1838.6661557004577,18
CUST-10357,52,Health,678.3412687564975,0,0.0,15
CUST-10713,21,Auto,842.665989911621,0,0.0,0
CUST-10154,72,Health,370.01105532313375,0,0.0,26
CUST-10138,60,Health,1197.3365487224266,1,1777.7181146245932,17
CUST-10277,52,Home,513.7441918390132,1,97.48228646876822,13
CUST-10944,39,Auto,299.6132905063735,2,2184.9678951352016,8
CUST-11271,63,Home,150.0,2,2468.6881368648405,18
CUST-11463,72,Health,800.6894880320771,1,592.6108492291992,26
CUST-10245,47,Life,1119.1258562711223,0,0.0,7
CUST-10011,21,Health,150.0,1,1171.1327036383848,0
CUST-10835,48,Auto,646.3113568684984,1,1253.7596613134797,13
CUST-11281,68,Life,490.23097791687223,1,665.3284549570062,21
CUST-10281,62,Health,519.5114154918151,1,902.3868244401827,17
CUST-11449,58,Home,1013.1050711382275,0,0.0,18
CUST-11145,72,Travel,341.92828406672913,1,678.1616492206491,22
CUST-10417,48,Auto,1023.1333905789074,1,433.2968968303926,11
CUST-10133,64,Home,845.276825551386,1,671.9714109266806,15
CUST-10241,56,Home,960.4789531012066,2,1390.7680910218505,14
CUST-11126,21,Home,751.739760760647,0,0.0,0
CUST-10184,80,Health,376.66367894333564,2,1772.8806282459916,33
CUST-10388,64,Travel,387.5573921203359,0,0.0,18
CUST-10001,55,Home,994.8299527630046,0,0.0,16
CUST-10683,45,Home,546.3642115717163,1,981.9476154302954,10
CUST-10854,35,Auto,603.8843478535732,1,689.73638904376,3
CUST-10893,34,Home,717.9541592068113,0,0.0,1
CUST-11135,51,Health,1035.6511267147525,1,283.7635616699638,9
CUST-10874,54,Home,541.8927169597824,3,2712.9676912403875,17
CUST-11258,46,Health,321.61114563147265,1,892.416550438201,12
CUST-10550,61,Health,260.3878449029499,1,1313.8815017408137,22
CUST-10433,25,Health,150.0,2,1074.0219369850092,0
CUST-10954,39,Home,247.0298959465892,1,33.350127207100286,7
CUST-11211,62,Health,161.21462941953598,2,1869.231931544438,22
CUST-11089,38,Life,279.982713882142,2,812.5355860944051,2
CUST-10594,43,Home,504.88017917816194,1,1260.0143194573568,9
CUST-10179,40,Health,822.2049597968601,1,888.0552682282578,6
CUST-10500,25,Travel,150.0,1,556.4219875616685,0
CUST-10853,38,Health,413.6191963807589,1,993.6035135567961,5
CUST-11146,68,Health,1200.0,0,0.0,22
CUST-10391,21,Auto,1200.0,0,0.0,0
CUST-10487,80,Life,733.5111672761699,1,739.06634389583,35
CUST-10129,60,Life,889.7366277831793,2,1616.6235163197846,21
CUST-11212,46,Life,554.6406125079017,0,0.0,16
CUST-10459,37,Health,647.3778798374689,0,0.0,3
CUST-11330,57,Life,754.7989428202371,0,0.0,13
CUST-11362,50,Home,1119.071332070272,0,0.0,9
CUST-11384,48,Life,452.38039673052776,1,323.73032675559676,5
CUST-10062,64,Home,763.4821003934178,3,2558.7299429855857,20
CUST-11159,78,Life,150.0,3,2175.8604562846176,30
CUST-10987,72,Home,904.2577657626975,2,1655.540148895283,23
CUST-10842,73,Travel,563.303116125843,0,0.0,24
CUST-10615,77,Travel,345.629482890831,0,0.0,28
CUST-10901,45,Home,326.69447800851225,1,212.65473668146257,12
CUST-11174,61,Life,150.0,1,1060.3041187315002,20
CUST-11098,52,Auto,876.4107989215304,1,1093.009961805837,8
CUST-11196,40,Health,684.542343634392,0,0.0,7
CUST-10832,45,Home,1056.4462945300897,1,845.1514935172814,7
CUST-10026,44,Life,546.7350639193892,1,294.39962250426976,10
CUST-10191,60,Auto,738.9407155006986,2,1745.1743502847,16
CUST-10515,22,Home,850.1201545713212,0,0.0,0
CUST-10396,21,Life,682.1414842880315,0,0.0,0
CUST-10376,58,Travel,690.2747280042465,1,642.1180918907407,15
CUST-11133,40,Health,842.2847653910596,1,884.8310657159441,10
CUST-10317,69,Life,563.15802726677,0,0.0,20
CUST-10143,52,Home,1128.9581205209643,1,952.5885761206536,13
CUST-10083,43,Auto,150.0,2,1269.7287325023817,6
CUST-10028,21,Life,329.69663272172636,1,0.0,0
CUST-11252,50,Travel,150.0,1,101.35556757742052,11
CUST-11239,79,Life,602.504276188037,1,1083.7622887777466,30
CUST-11260,77,Auto,1200.0,1,1094.1755982283626,29
CUST-11122,48,Travel,150.0,1,817.6447418597267,14
CUST-10020,40,Auto,890.9146316745955,0,0.0,3
CUST-10469,55,Home,1082.0301497484847,0,0.0,17
CUST-11090,64,Life,545.5399654870808,1,1759.0329665234758,23
CUST-11307,43,Home,1200.0,0,0.0,8
CUST-11498,21,Home,710.6131480985929,1,1210.6893703113647,0
CUST-11073,72,Health,1034.9474410764326,1,516.1999938345912,19
CUST-10442,55,Home,500.4901711953063,1,1196.3451065056906,18
CUST-10593,51,Home,273.56485550144754,1,1168.6393686002461,13
CUST-10405,39,Health,278.9130610902939,1,0.0,9
CUST-11326,69,Health,356.13710976389723,1,318.2402277205372,20
CUST-11403,58,Travel,706.869592758087,1,1181.3380922520448,24
CUST-10703,40,Health,939.1085616077073,0,0.0,8
CUST-11115,45,Auto,711.2138474142337,1,730.505576255079,11
CUST-10407,36,Auto,196.81809085276137,2,1091.5826786768116,2
CUST-11328,55,Travel,150.0,1,487.25883623506206,18
CUST-11018,60,Health,588.1382403317137,1,1044.98680089626,19
CUST-11056,51,Home,950.7847334368934,1,2071.2577939859993,15
CUST-10560,64,Health,736.7434423335801,2,2071.1233465380315,17
CUST-11197,44,Travel,968.2907909603894,0,0.0,6
CUST-10650,54,Travel,305.76895242531765,0,0.0,16
CUST-10963,50,Auto,874.6023975757936,3,2027.595558597311,16
CUST-11021,54,Home,896.9913716413786,0,0.0,18
CUST-10991,27,Life,389.8572215717279,1,257.52614806978255,0
CUST-10311,25,Home,515.8461898193311,0,0.0,0
CUST-10480,68,Travel,150.0,1,1401.1733171681335,31
CUST-10830,59,Home,841.7106452366123,0,0.0,17
CUST-10106,46,Home,352.83773799733615,2,1381.051028021742,8
CUST-11142,45,Health,1020.2704949353379,0,0.0,12
CUST-11099,41,Health,994.7068693265758,1,1213.5073966267457,5
CUST-10513,59,Home,690.3709384881558,2,1326.0501367478869,19
CUST-11265,64,Life,743.465702328896,0,0.0,18
CUST-10205,80,Home,675.0308047822671,1,1737.8479864166895,35
CUST-10381,55,Auto,1051.2185233261375,2,1392.476000200214,13
CUST-11250,75,Health,839.6487443766871,1,679.101041907069,29
CUST-10876,46,Auto,1004.0047997475879,0,0.0,11
CUST-10567,66,Health,342.9833583248134,2,1942.6515165119606,24
CUST-11454,41,Health,857.3950304277171,1,1374.5228884197363,6
CUST-11374,40,Travel,150.0,0,0.0,7
CUST-10420,49,Life,312.13620604208455,0,0.0,16
CUST-11392,39,Health,534.5534610189603,1,1166.971126906264,6
CUST-10809,35,Life,1200.0,0,0.0,0
CUST-10254,70,Travel,150.0,1,818.0430735189957,24
CUST-10162,41,Travel,297.28571147578526,0,0.0,6
CUST-10648,58,Health,797.6256270965484,1,652.3308380926312,16
CUST-11153,80,Home,211.50280492632027,2,1848.1888160027136,27
CUST-11113,41,Home,1119.628017817637,1,1121.2738553168872,9
CUST-10111,29,Health,150.0,1,111.70297748238755,0
CUST-10031,21,Auto,187.51612378814133,1,142.51392250027033,0
CUST-10894,77,Life,329.92500492038414,0,0.0,28
CUST-10975,21,Health,396.0810657718988,1,311.96164836774545,0
CUST-10378,75,Auto,1109.842834653507,2,1866.075541052453,26
CUST-10172,52,Home,567.4383363860154,2,1512.0276055658337,15
CUST-11272,41,Health,1031.3337761976145,0,0.0,6
CUST-10733,80,Travel,490.1892202064806,1,894.9333230900485,24
CUST-10305,66,Auto,1200.0,2,1815.8406300466568,16
CUST-10801,27,Auto,759.4136137955331,1,989.7130869111702,1
CUST-10846,59,Home,862.2690733955965,0,0.0,22
CUST-10167,21,Health,485.2756988239202,1,759.068077324465,0
CUST-11024,45,Health,773.5935016176933,0,0.0,7
CUST-11070,45,Life,365.26704117834254,2,915.6156104517709,11
CUST-10585,51,Travel,188.79657424031308,1,1552.0361528517456,13
CUST-10735,31,Home,925.496711452138,0,0.0,0
CUST-10870,32,Life,577.646848471166,1,126.89744846053355,2
CUST-10448,50,Life,815.3434375596044,1,1473.214413700935,14
CUST-10217,43,Home,277.94301483042835,1,493.77646170346696,12
CUST-10862,57,Health,583.0860755363832,0,0.0,15
CUST-10492,45,Travel,150.0,0,0.0,9
CUST-10736,29,Auto,1020.8964943591111,0,0.0,4
CUST-10230,34,Auto,182.1356796778873,1,347.09340978180353,5
CUST-11364,38,Travel,150.0,3,2140.24176338728,7
CUST-10939,34,Home,276.9347967861936,1,565.53779503603,4
CUST-10050,64,Health,510.4513114859723,0,0.0,18
CUST-11490,46,Home,642.0032971236483,1,690.4386488196957,10
CUST-11402,37,Life,520.9480979238645,0,0.0,7
CUST-11114,27,Auto,234.27897743306528,0,0.0,2
CUST-10238,50,Home,518.5302423633132,2,1598.9260577450202,13
CUST-10844,34,Travel,150.0,0,0.0,5
CUST-11433,47,Life,730.6834782617492,1,654.4110022018091,12
CUST-11213,65,Home,1037.1486974391466,2,1079.8623809952164,20
CUST-10328,63,Life,856.3811025429438,1,1792.9298699114386,22
CUST-11043,61,Home,783.0970855747407,3,2583.680745271747,20
CUST-10242,42,Auto,851.7610372660137,2,1803.784511351707,11
CUST-10574,55,Life,441.590146209993,1,1154.7968269266112,16
CUST-10994,39,Travel,451.48690072886325,0,0.0,10
CUST-11379,37,Auto,219.94005030132234,2,1389.8574978466327,4
CUST-10909,59,Home,838.9601984832776,0,0.0,15
CUST-11171,80,Life,641.4774443552669,2,1485.4288205337582,35
CUST-10777,48,Travel,666.772220178738,0,0.0,8
CUST-11467,49,Home,483.5907010833615,2,1347.4268751319205,6
CUST-10929,69,Health,579.9538472414888,1,1405.2271505121892,24
CUST-11266,45,Auto,827.6964077629017,1,637.4404694740917,11
CUST-10302,35,Auto,675.8991155731004,1,456.76492590560207,2
CUST-10471,64,Life,150.0,1,892.9545092996716,17
CUST-11421,22,Auto,592.373591560685,1,1084.2785627371445,0
CUST-10729,42,Auto,1200.0,0,0.0,8
CUST-10085,62,Travel,829.865074773189,0,0.0,17
CUST-11151,54,Health,422.25682722693057,1,1090.9250478364347,18
CUST-10045,62,Travel,150.0,2,1938.127897333472,24
CUST-10866,21,Health,150.0,0,0.0,0
CUST-11341,29,Life,769.8901211918437,0,0.0,5
CUST-11110,42,Life,363.9308099391768,1,1258.1590143376466,8
CUST-10534,50,Home,488.8904884593008,1,1823.3533398327238,8
CUST-10631,73,Health,599.7805904270266,1,500.8578694367545,23
CUST-10663,38,Life,1000.3312011782638,0,0.0,8
CUST-11187,31,Home,1078.2289760304334,1,972.5757117904743,4
CUST-10920,48,Home,593.7878947307372,1,220.6442554191895,5
CUST-10545,37,Travel,312.1727931706391,0,0.0,8
CUST-10216,55,Life,428.984648838279,0,0.0,13
CUST-10852,31,Health,777.0679652550006,1,1010.4073609973121,3
CUST-10907,37,Life,1009.3521138492574,1,802.9495474880084,6
CUST-11071,54,Health,581.1862842135042,0,0.0,18
CUST-10324,40,Auto,933.386368649476,1,817.2882005022623,9
CUST-10157,80,Travel,648.9381391670745,0,0.0,32
CUST-10236,53,Health,904.52248372709,1,0.0,7
CUST-10257,48,Home,1156.8812468909894,2,1887.676726264915,12
CUST-10744,59,Travel,160.79729076243058,1,234.24344053434834,18
CUST-10200,64,Home,456.8706234073923,2,1704.0410648517047,23
CUST-10789,58,Health,1008.9065454154686,0,0.0,16
CUST-10132,50,Health,150.0,2,2336.595211348459,14
CUST-10457,60,Life,749.7094774443168,0,0.0,17
CUST-11065,62,Travel,150.0,2,1596.2830732841385,18
CUST-11246,49,Health,285.7154854887177,2,1236.482292548375,10
CUST-11296,53,Health,208.20709306494393,1,13.244893688490038,19
CUST-10915,57,Life,899.3909052345039,1,1471.9983399658697,15
CUST-10452,69,Home,620.048664495341,3,2772.369320372551,21
CUST-10080,80,Auto,774.7132445091557,2,2127.0597804484605,29
CUST-10295,47,Life,467.7323718625711,0,0.0,18
CUST-10725,47,Travel,448.6675756398231,0,0.0,15
CUST-10438,64,Auto,769.4592950138099,1,1223.6998766655595,19
CUST-10183,58,Home,774.4941135004208,2,1650.400850781769,13
CUST-10600,80,Life,587.4131381781059,0,0.0,26
CUST-10160,34,Home,324.28145341347687,1,22.67347184294681,0
CUST-10293,72,Life,480.3826821948619,2,1116.3516746845658,29
CUST-11053,43,Auto,952.6222417943507,1,552.159189137047,11
CUST-11019,56,Home,685.4896264830713,1,1463.8810662191986,21
CUST-10355,21,Auto,561.484703848791,1,1060.172832946345,0
CUST-10003,45,Home,1200.0,1,845.678849595927,6
CUST-10670,21,Home,595.8014632638091,1,9.671597592383478,0
CUST-11120,37,Home,615.245745565761,0,0.0,6
CUST-11393,67,Travel,159.28725549797883,1,1670.9138576710047,23
CUST-10714,57,Life,341.0895387937733,1,905.8965557873054,17
CUST-10764,41,Travel,356.8814220425286,0,0.0,6
CUST-10353,45,Life,1018.5985110483657,0,0.0,4
CUST-11423,48,Auto,403.3161268509906,1,441.58579352545144,15
CUST-10313,74,Health,886.33168751367,1,1525.3184534725024,27
CUST-10912,63,Travel,480.5084141298464,0,0.0,14
CUST-10403,49,Home,707.439833004016,2,1089.463062577492,11
CUST-11000,68,Health,430.31088251248866,1,355.0994032266562,22
CUST-11128,39,Travel,166.48660341313473,1,688.451793332004,5
CUST-10672,26,Health,1034.7947932154652,0,0.0,4
CUST-10486,29,Home,517.5966207084001,1,1027.150491716825,1
CUST-11269,67,Auto,1109.732503715248,2,1788.3991390288597,18
CUST-10024,65,Home,751.0832515286351,0,0.0,18
CUST-10988,22,Life,795.596247081314,0,0.0,0
CUST-11419,32,Health,1008.9004623095884,1,72.83923983632928,4
CUST-10463,46,Health,329.9350552347361,1,1364.2826839302916,13
CUST-10666,48,Life,569.1564209789202,0,0.0,10
CUST-11440,50,Life,694.7602219486661,1,659.3719839682657,13
CUST-11092,30,Health,651.7761641409512,0,0.0,3
CUST-10040,53,Travel,165.08439211356585,1,950.181679306279,14
CUST-10364,62,Travel,680.7987549810457,0,0.0,16
CUST-10519,21,Life,424.21371760861905,0,0.0,0
CUST-10819,21,Life,197.37192437862706,1,0.0,0
CUST-10307,45,Home,495.15687837223237,1,952.217946275343,10
CUST-10081,41,Home,942.1602261820328,1,1107.2395330171717,13
CUST-11358,48,Health,1200.0,1,806.2827021134576,10
CUST-10491,32,Life,159.29510515135712,1,548.0213463993429,5
CUST-11074,78,Home,416.3997085757528,2,1245.885230723636,31
CUST-10251,49,Health,876.8455062368516,0,0.0,7
CUST-10542,56,Life,361.2386329376378,1,306.22474111119993,20
CUST-10004,71,Health,285.37115642687655,3,2854.6317467743097,22
CUST-10717,26,Home,889.9193768087143,1,325.0631372788787,0
CUST-10525,53,Life,473.6081119988564,1,661.6848348870806,19
CUST-10069,56,Home,525.703353912571,0,0.0,19
CUST-11147,35,Auto,150.0,0,0.0,6
CUST-10726,21,Home,463.50849595018065,2,1581.5595000975136,0
CUST-11297,65,Life,150.0,1,0.0,22
CUST-11081,80,Travel,150.0,2,1867.246638351383,35
CUST-11400,80,Home,1200.0,2,2125.995497265543,29
CUST-10086,45,Health,179.0418422563332,1,1073.1616906362756,13
CUST-10113,28,Home,1200.0,1,1282.6378214166332,2
CUST-10953,51,Life,1164.434301973407,0,0.0,11
CUST-10865,46,Life,1200.0,1,1459.7363676780342,10
CUST-11069,73,Travel,363.3095793110647,1,431.86525098335596,21
CUST-10294,21,Home,538.1050541574269,0,0.0,0
CUST-11309,36,Life,576.7368300371757,0,0.0,2
CUST-10476,30,Health,548.8986981863591,3,2908.6633695951627,0
CUST-11009,59,Life,622.050970914639,1,634.9756240307198,18
CUST-11168,47,Auto,767.2907650686202,1,618.2950247608438,9
CUST-10112,41,Home,150.0,2,1846.0443926455707,10
CUST-11060,69,Health,440.7907768041811,1,643.4332825547015,22
CUST-10568,47,Life,929.0817722255449,1,559.3590541388581,6
CUST-10054,80,Life,157.31628617440026,2,2246.6648494744095,31
CUST-10383,41,Travel,153.05810052724968,1,853.0478353123589,4
CUST-10280,35,Home,1043.6254403715059,0,0.0,3
CUST-10136,59,Auto,770.966469575147,1,884.1312457470015,18
CUST-11331,37,Life,322.99689951286933,0,0.0,5
CUST-10805,74,Health,542.7871087436196,1,1211.0254320875265,28
CUST-10059,47,Home,595.1113744385747,0,0.0,6
CUST-10700,80,Life,228.3646450274967,2,1664.1690761198538,31
CUST-11476,21,Life,171.01107505028148,1,635.3189255066486,0
CUST-11499,35,Health,699.6532333814537,1,574.2651650485187,3
CUST-10070,58,Travel,249.52990890427537,0,0.0,20
CUST-11489,44,Travel,150.0,1,1285.085990578446,11
CUST-10639,43,Health,613.1639558492309,2,2564.574304228285,12
CUST-11251,29,Life,787.403130658113,1,559.5893507335666,0
CUST-11103,52,Life,150.0,1,846.5344590556599,15
CUST-10936,33,Life,150.0,2,1094.1720125720717,5
CUST-10784,21,Home,1200.0,0,0.0,0
CUST-10837,72,Travel,423.6750409872837,1,1026.0312096851576,24
CUST-11348,80,Auto,1200.0,2,2666.656417739803,35
CUST-11124,80,Life,150.0,1,1135.681129600242,35
CUST-10693,60,Life,900.5678678555921,2,1683.843877883332,21
CUST-10958,37,Life,608.7074002812396,0,0.0,6
CUST-10718,35,Health,1060.7646130130577,0,0.0,3
CUST-10923,55,Travel,150.0,1,1019.5050346420752,19
CUST-10611,28,Travel,150.0,0,0.0,0
CUST-10529,49,Travel,150.0,2,1182.8941674386754,14
CUST-10514,27,Life,752.410822177024,0,0.0,3
CUST-10996,39,Auto,1013.831743667952,0,0.0,5
CUST-10888,32,Travel,185.5166619910271,0,0.0,8
CUST-10556,44,Life,459.7302166475472,0,0.0,9
CUST-11048,35,Life,317.3956951495327,0,0.0,9
CUST-10754,41,Life,598.2940760581544,1,54.78438018116424,9
CUST-10203,29,Home,464.90937308615923,1,0.0,0
CUST-10660,80,Health,656.6552757520083,2,2564.3444132369896,31
CUST-10428,48,Home,411.55259567434837,1,237.57939346030344,9
CUST-10494,42,Home,302.37591284824236,1,510.5749057555689,7
CUST-10668,80,Health,150.0,2,1508.1544211811363,30
CUST-10362,43,Auto,1200.0,1,1091.8230675959098,6
CUST-10458,79,Auto,1200.0,3,2667.986127808289,27
CUST-11301,21,Life,365.8049724087689,0,0.0,0
CUST-10632,68,Life,604.0937954022921,1,1250.7960539534079,25
CUST-11020,46,Life,801.4320288854949,0,0.0,7
CUST-10181,55,Health,562.0262956512431,0,0.0,12
CUST-10148,54,Home,1145.9387867213218,0,0.0,7
CUST-11377,33,Life,150.0,0,0.0,5
CUST-10180,44,Life,632.7582845787301,1,467.2598030334743,8
CUST-10646,68,Life,691.9337851269012,1,447.52688613887466,24
CUST-11091,26,Life,430.9072923219593,0,0.0,2
CUST-11206,32,Life,150.0,0,0.0,2
CUST-10117,42,Travel,368.39666037783036,1,832.3255009502972,8
CUST-10198,58,Auto,893.481114376109,2,2031.186659964819,16
CUST-10451,44,Auto,1026.7271275913988,2,1954.7022829273449,10
CUST-11111,66,Home,800.9216921588675,1,1371.233797971288,29
CUST-10168,44,Travel,359.02357628401273,0,0.0,12
CUST-10007,21,Auto,944.2508926527448,1,789.2412223384958,0
CUST-10068,35,Travel,379.5250697008712,0,0.0,5
CUST-10737,67,Health,670.2924669489569,1,1230.8354203532267,22
CUST-10985,47,Health,807.2041620844235,2,1912.9216882873118,15
CUST-10969,56,Travel,857.9309836962047,1,999.6996168262336,15
CUST-11363,70,Travel,837.6906147013535,1,776.9185274551103,25
CUST-10239,47,Travel,150.0,1,1005.6760576618487,12
CUST-11443,49,Auto,1171.8164110602293,1,1094.0822088352015,12
CUST-10791,72,Travel,499.85616607438186,1,428.14524848215314,23
CUST-10653,55,Health,617.261302046257,2,1516.6330372766058,15
CUST-10583,25,Home,727.1419807273425,1,1342.928342554707,0
CUST-10768,66,Home,693.4879688420002,1,819.9473222711921,23
CUST-10950,65,Home,750.9589308123774,2,1274.113989243475,22
CUST-10710,43,Life,644.0472374741354,1,678.8520282282285,9
CUST-10580,35,Health,533.8944853763471,1,1397.6005447526873,7
CUST-10547,80,Health,857.9976071852004,1,327.4003691717677,29
CUST-10814,37,Auto,596.7281633902509,3,2765.532479673886,5
CUST-10610,63,Home,733.123570854313,1,379.0908410504075,15
CUST-10651,26,Travel,312.3858047500814,0,0.0,2
CUST-11304,54,Health,328.1053190400309,1,464.0297342736293,14
CUST-10531,76,Life,1200.0,0,0.0,27
CUST-11194,55,Health,463.21438208393636,1,699.2516867973453,14
CUST-10995,40,Auto,771.1841927554607,0,0.0,3
CUST-10617,47,Home,537.5971772682287,1,1125.5883787977755,12
CUST-11432,28,Health,1009.069384789841,1,888.8813749838032,0
CUST-11254,63,Home,948.6725842756985,2,2218.2062702944922,18
CUST-11294,48,Life,364.6021759480793,1,755.2825021136465,9
CUST-11282,33,Home,723.7472701974925,0,0.0,2
CUST-11127,33,Home,1200.0,0,0.0,2
CUST-10606,80,Travel,568.3048690083862,2,2461.1060036016133,31
CUST-10354,64,Life,898.5980166687452,0,0.0,17
CUST-10637,43,Home,1200.0,1,698.6846749771862,7
CUST-11273,34,Auto,802.5133277523219,1,660.1293935209633,3
CUST-10368,34,Home,566.7290477756208,0,0.0,3
CUST-11177,41,Auto,270.12702299860405,3,2259.0620275984293,6
CUST-10584,33,Home,366.62258789967154,2,1630.8589488149755,7
CUST-11485,76,Life,646.5118842490049,0,0.0,28
CUST-11395,39,Health,753.1409675845024,1,969.7319194404253,5
CUST-10858,62,Home,903.6492733824568,1,1190.708742714897,13
CUST-10910,56,Home,1099.5855662347062,0,0.0,18
CUST-10306,29,Auto,764.3748551832082,1,901.7821085448004,0
CUST-10149,62,Travel,327.21223520198254,1,924.0311914362703,22
CUST-10264,48,Home,710.261605369187,0,0.0,15
CUST-10704,36,Life,814.0562733139861,0,0.0,3
CUST-10094,58,Life,157.02841487322166,2,1659.4038837295893,17
CUST-10228,55,Life,275.11756668399016,1,877.8549622567525,14
CUST-10937,63,Travel,150.0,0,0.0,21
CUST-10123,62,Travel,628.859882520294,0,0.0,23
CUST-10933,43,Life,541.5319667709394,0,0.0,7
CUST-10652,23,Home,316.031150953299,1,115.85087923749808,1
CUST-10042,21,Life,415.1799141799024,0,0.0,0
CUST-10586,21,Home,366.7845093768573,1,718.8640472434247,0
CUST-10490,47,Travel,315.44218325654305,1,394.9713983038698,9
CUST-11466,66,Health,714.6014602225548,0,0.0,22
CUST-11319,36,Health,659.586769114389,0,0.0,0
CUST-10530,39,Auto,901.2069911447782,1,247.91258617990064,4
CUST-10220,61,Travel,966.0623860829304,0,0.0,20
CUST-10008,25,Auto,417.6542774364516,1,646.5567752765854,0
CUST-10684,80,Health,925.7575106235398,0,0.0,30
CUST-10219,24,Travel,307.04674808536305,2,1456.0774973279558,0
CUST-10895,43,Travel,607.8537422783454,2,1921.8057299705315,6
CUST-11038,29,Life,472.5448206228907,0,0.0,2
CUST-11336,52,Health,695.5041645227066,0,0.0,13
CUST-10973,39,Life,503.32998871683105,0,0.0,4
CUST-10504,49,Health,512.5224362869316,1,1125.1295665470002,13
CUST-10351,46,Auto,882.0950266666841,2,1866.461323779443,10
CUST-10589,52,Life,1017.0260933051038,1,707.638000565045,19
CUST-10614,52,Home,461.27047391583983,3,2076.0245178221458,8
CUST-11264,35,Home,998.3590722694628,1,703.6205393801424,1
CUST-10361,42,Travel,564.0019892019486,0,0.0,7
CUST-10071,28,Auto,934.7128628713698,1,174.2237754622522,0
CUST-10467,29,Life,535.8955767010934,0,0.0,1
CUST-11370,66,Health,529.0349738167006,2,1430.3705110541885,20
CUST-11313,60,Life,150.0,1,765.0005411040243,23
CUST-10756,65,Auto,699.5596878524349,1,1761.0029776893468,22
CUST-10057,51,Auto,385.4488286741022,1,1272.76131287092,15
CUST-11077,39,Auto,150.0,2,2448.539811094065,5
CUST-11229,36,Auto,488.4667880930505,1,225.77609259495262,4
CUST-11457,51,Auto,643.9497331707001,2,1546.5310341417025,15
CUST-10170,22,Auto,226.6543561512736,2,1310.9697456919475,0
CUST-11118,61,Health,449.4598163529578,0,0.0,25
CUST-11226,35,Health,150.0,1,224.4201304039737,5
CUST-10537,55,Life,523.9012149355002,0,0.0,14
CUST-10164,40,Home,998.7306173036524,0,0.0,1
CUST-10118,63,Health,1152.269998989351,1,2020.8321996749562,27
CUST-10603,50,Health,1151.5718884638002,0,0.0,11
CUST-11178,35,Life,388.60722216108866,0,0.0,0
CUST-10274,21,Home,272.02827708864993,1,525.0654923748548,0
CUST-10946,46,Health,435.6037735902127,0,0.0,6
CUST-10692,35,Health,642.7344605282367,0,0.0,6
CUST-11181,77,Life,150.0,1,898.6851624850451,29
CUST-10591,80,Health,343.7627324831068,2,1250.531474992501,35
CUST-11150,28,Life,150.0,0,0.0,2
CUST-10748,34,Life,959.3832744259237,0,0.0,0
CUST-10977,65,Travel,368.8180336327328,0,0.0,20
CUST-10298,70,Life,150.0,2,1997.7619779995057,24
CUST-11263,61,Life,838.9930304190282,1,242.80406812601075,15
CUST-10076,66,Life,806.5928693201402,0,0.0,23
CUST-10913,34,Life,613.6254056249576,1,454.66755024751035,2
CUST-11164,36,Home,801.4252173709726,0,0.0,1
CUST-10185,45,Home,330.099830698571,0,0.0,13
CUST-11383,80,Life,288.5857860118504,2,1888.3686297659044,35
CUST-10903,73,Health,1200.0,0,0.0,18
CUST-10275,21,Life,295.6195231809925,0,0.0,0
CUST-10130,67,Home,481.06488650032213,1,792.1730785924607,24
CUST-10827,44,Life,366.47777212014205,1,665.2180181911895,9
CUST-10288,43,Life,500.80400095633917,1,208.03729758496092,10
CUST-11176,73,Home,150.0,1,1265.7117928244033,27
CUST-10932,26,Life,692.6467873502147,0,0.0,0
CUST-10524,54,Life,150.0,1,793.7945163041337,17
CUST-10616,32,Travel,301.3156699127739,0,0.0,8
CUST-10931,74,Auto,1200.0,2,1841.3639209786957,23
CUST-10766,28,Health,746.4144297078972,2,1274.2437262555095,0
CUST-10120,24,Home,394.5319540271361,1,513.2556720517738,0
CUST-10657,21,Health,1073.698045217579,0,0.0,0
CUST-11332,54,Health,150.0,1,107.18593195473511,15
CUST-10399,80,Home,795.411436705616,1,1213.5445738749013,33
CUST-10327,62,Life,883.713434059707,0,0.0,16
CUST-11288,28,Home,724.475777739675,2,1530.678595540224,0
CUST-10919,53,Home,955.690873032685,0,0.0,14
CUST-10559,46,Health,477.2000059936824,1,1473.7342937379026,7
CUST-11488,21,Home,889.7250603251252,1,1692.8076137860426,0
CUST-10948,51,Health,150.0,1,1047.5319475465785,13
CUST-10795,41,Home,260.87093646687214,1,1341.9359142978744,10
CUST-10192,69,Auto,1200.0,2,1621.6858507060947,22
CUST-10702,80,Health,493.51680153138545,2,1740.6892547168727,30
CUST-11474,45,Life,351.4984389382689,0,0.0,7
CUST-11066,56,Travel,190.2005012402393,0,0.0,22
CUST-10976,31,Travel,150.0,1,870.5824159365953,4
CUST-10497,57,Travel,150.0,0,0.0,16
CUST-10260,80,Auto,423.6329471864778,1,1607.9672673196417,35
CUST-11456,64,Travel,150.0,1,965.0135903059556,21
CUST-10215,21,Home,362.08207414223546,0,0.0,0
CUST-11435,45,Health,1025.9245266582786,1,970.6422712999429,7
CUST-11040,70,Life,345.81990189306987,0,0.0,21
CUST-10366,37,Life,444.19418682939084,0,0.0,6
CUST-10297,31,Auto,448.0289608125548,1,775.3009395361518,2
CUST-11033,60,Travel,216.29864039209315,0,0.0,19
CUST-11035,54,Health,1166.6002643277282,1,1139.838036093604,14
CUST-10371,56,Auto,1200.0,1,379.4827794664328,16
CUST-10139,51,Health,444.8343417452913,2,1485.4415139063922,10
CUST-10581,42,Health,508.88622775409067,0,0.0,3
CUST-10949,24,Health,441.6301928973751,1,1000.0171642357973,0
CUST-10161,21,Health,206.79683214666233,0,0.0,0
CUST-11183,64,Auto,716.2566137513463,1,750.0682986762158,17
CUST-10284,55,Home,927.644300082916,1,857.1692574176375,17
CUST-11413,36,Home,659.9340385911604,1,326.9837718027615,9
CUST-10468,46,Health,469.18343571800324,0,0.0,11
CUST-10803,61,Home,599.894632370737,1,269.80354411832934,20
CUST-10566,68,Health,399.5532919279858,1,1556.7879830019554,21
CUST-10621,36,Home,475.453443267279,1,0.0,3
CUST-10109,46,Auto,896.8038567664322,1,542.848699958188,5
CUST-11453,50,Home,710.0764325814527,1,1083.4212788285254,14
CUST-10751,46,Home,798.0223115785358,2,2149.330679511758,12
CUST-11390,27,Home,771.4108245000255,0,0.0,0
CUST-10484,67,Travel,677.6704871356453,0,0.0,24
CUST-10498,58,Health,296.4313670099963,1,254.02508376848164,16
CUST-11350,62,Travel,413.6017379524217,1,1170.4187533739591,25
CUST-10373,69,Health,864.2878208013524,0,0.0,20
CUST-11308,27,Home,162.5287915528382,2,1851.9900535125196,0
CUST-10186,41,Health,445.83160556235794,1,523.3537307602787,6
CUST-10105,80,Health,568.8971542776518,0,0.0,34
CUST-10478,46,Life,231.3147619655859,1,908.3445494701962,14
CUST-11339,37,Auto,1200.0,0,0.0,3
CUST-10034,21,Life,150.0,1,0.0,0
CUST-11106,41,Home,150.0,1,1828.8140919906693,8
CUST-10233,58,Travel,150.0,2,1584.9528016553063,22
CUST-11025,49,Health,368.7881297728872,2,1320.0613279237498,11
CUST-11398,36,Health,405.3428538254052,1,1253.3858475471588,4
CUST-10541,67,Life,150.0,2,1113.029177654002,18
CUST-10387,65,Life,962.4367915450141,1,323.57604275126334,20
CUST-10732,42,Health,665.0309944205962,1,260.35496135684326,7
CUST-11416,60,Health,1132.744395288176,0,0.0,16
CUST-10505,32,Health,1200.0,0,0.0,4
CUST-10196,21,Home,1081.1131580036727,0,0.0,0
CUST-11050,69,Home,438.69258331022,2,2470.608941048825,23
CUST-11359,70,Travel,194.85239209107885,0,0.0,24
CUST-11023,57,Health,757.3383131374976,1,1217.3988138405684,16
CUST-10171,62,Health,334.8478852526958,1,574.0721380316377,17
CUST-10597,49,Health,558.047988634702,1,1186.2141776004771,13
CUST-10343,44,Auto,1200.0,0,0.0,8
CUST-11107,32,Travel,150.0,1,249.352227623675,3
CUST-10897,50,Health,800.1185625866771,0,0.0,13
CUST-10411,80,Health,876.4788928020722,0,0.0,28
CUST-11455,60,Auto,961.0107400747875,1,1172.0481024755663,14
CUST-10018,61,Life,987.1284769324459,0,0.0,19
CUST-11243,37,Home,736.923486754923,2,2028.3852473447866,6
CUST-10928,80,Auto,1142.1836127588285,2,2244.6892025716816,35
CUST-10671,54,Home,565.4005133216408,0,0.0,21
CUST-11022,75,Health,959.0715334150901,0,0.0,22
CUST-10409,60,Health,386.4939756770792,1,747.3560466995746,19
CUST-10871,36,Home,432.82200795490144,1,590.9668727032346,9
CUST-10628,60,Home,610.2152271254388,2,2061.5535905346824,19
CUST-11320,27,Auto,525.139908033627,2,1098.506671604413,1
CUST-10270,54,Health,303.69907881733405,0,0.0,16
CUST-10126,21,Health,432.6086010446437,1,300.11564654446556,0
CUST-10622,24,Home,588.728153318493,1,1105.8936860526164,0
CUST-11112,56,Auto,1200.0,1,1214.8761649233948,13
CUST-11141,80,Travel,150.0,2,1977.2967514871573,35
CUST-10174,64,Travel,150.0,0,0.0,27
CUST-11132,64,Life,150.0,2,1859.9668814770157,21
CUST-10747,56,Health,598.257773170022,1,924.5805284566901,12
CUST-10137,80,Home,236.0517974998944,3,2499.0978671343164,35
CUST-11220,55,Home,150.0,1,1135.8164258419315,13
CUST-11484,64,Health,341.6590332761654,1,937.873064340876,20
CUST-10432,75,Health,150.0,2,1507.667934574858,25
CUST-11360,58,Life,585.748279903249,0,0.0,12
CUST-10509,34,Auto,196.21313511505195,2,1543.9735802384637,1
CUST-10072,47,Auto,715.661893316372,3,2652.1485215278794,10
CUST-11054,33,Home,796.2508627481611,1,592.5633217940574,1
CUST-11444,47,Health,328.97210892101816,1,990.8167325537072,10
CUST-10813,45,Life,859.4354946504752,0,0.0,8
CUST-10077,59,Health,537.5435630021703,1,672.9144515552458,21
CUST-10935,58,Home,620.5441502905032,0,0.0,14
CUST-10334,62,Home,273.835717438735,2,2405.550183854497,21
CUST-10244,40,Auto,724.2872932357028,1,1044.720150712791,6
CUST-10833,39,Travel,150.0,1,722.0768541458169,4
CUST-10145,44,Health,1131.4211192943183,1,910.3959551627746,12
CUST-11154,28,Health,912.4994757767879,0,0.0,1
CUST-10394,48,Home,878.5067753225784,0,0.0,10
CUST-11130,51,Life,1099.7653737085607,1,1133.4202132678024,17
CUST-11046,31,Auto,995.8537852688461,0,0.0,1
CUST-10590,25,Home,1055.0472625445154,1,671.0529455162578,0
CUST-10880,70,Health,574.4937527573574,2,1755.2366195555542,25
CUST-10333,78,Health,1000.6316746983018,2,1642.897100506841,28
CUST-10082,55,Home,1200.0,1,1180.9085373923494,11
